Word,Dist,Accuracy,Phoneme_Correct,Phoneme_Correct_Percentage,Levenshtein,MaFI
CD,1.375262188208617,0.0,1.380952380952381,0.34523809523809523,3.857142857142857,-1.375262188208617
T-shirt,0.7990758145363409,0.05263157894736842,4.684210526315789,0.669172932330827,3.736842105263158,-0.7990758145363409
accordion,1.5333059210526316,0.0,2.4210526315789473,0.3026315789473684,6.473684210526316,-1.5333059210526316
acorn,1.7186673280423281,0.0,1.2777777777777777,0.21296296296296297,5.722222222222222,-1.7186673280423281
across,0.5875,0.2,3.4,0.6799999999999999,1.8,-0.5875
against,1.3114583333333332,0.1,2.5,0.4166666666666667,5.3,-1.3114583333333332
ago,0.665,0.1,2.8,0.7,1.5,-0.665
airplane,1.2049107142857143,0.25,3.35,0.47857142857142854,4.5,-1.2049107142857143
airport,0.9308449074074076,0.2777777777777778,3.6666666666666665,0.6111111111111112,3.4444444444444446,-0.9308449074074076
alien,1.4457093253968254,0.1,2.1,0.35,4.7,-1.4457093253968254
alligator,1.1487351190476192,0.19047619047619047,4.190476190476191,0.46560846560846564,5.761904761904762,-1.1487351190476192
ambulance,1.0461805555555554,0.25,4.8,0.5333333333333333,5.55,-1.0461805555555554
anchor,1.5359375,0.0,2.2,0.44000000000000006,3.7,-1.5359375
angel,1.7780257936507935,0.047619047619047616,1.7142857142857142,0.21428571428571427,6.761904761904762,-1.7780257936507935
another,0.29,0.7,5.2,0.8666666666666666,0.8,-0.29
ant,1.3550037202380953,0.0,1.15,0.3833333333333333,3.8,-1.3550037202380953
any,1.1793749999999998,0.2,1.4,0.4666666666666667,3.0,-1.1793749999999998
apple,0.38898026315789475,0.7368421052631579,3.3684210526315788,0.8421052631578947,0.9473684210526315,-0.38898026315789475
apron,1.3351562499999998,0.05,2.55,0.425,4.6,-1.3351562499999998
arm,1.0657894736842106,0.21052631578947367,1.6842105263157894,0.5614035087719298,1.894736842105263,-1.0657894736842106
around,0.4175,0.6,5.1,0.85,1.1,-0.4175
arrow,0.96546875,0.25,2.5,0.625,2.4,-0.96546875
ashtray,1.602641369047619,0.05,2.15,0.35833333333333334,5.8,-1.602641369047619
asparagus,1.354090244550771,0.0,4.684210526315789,0.52046783625731,6.7368421052631575,-1.354090244550771
attic,1.4981646825396826,0.047619047619047616,1.3333333333333333,0.3333333333333333,4.0476190476190474,-1.4981646825396826
avocado,0.6843315972222223,0.55,5.6,0.7,2.9,-0.6843315972222223
ax,1.1441885964912282,0.0,1.8421052631578947,0.6140350877192983,2.473684210526316,-1.1441885964912282
baby,0.23993055555555554,0.6666666666666666,4.0,0.8,1.1666666666666667,-0.23993055555555554
backpack,0.9789708646616541,0.2631578947368421,3.1052631578947367,0.5175438596491229,4.0,-0.9789708646616541
bacon,1.0389254385964912,0.15789473684210525,2.3684210526315788,0.39473684210526316,3.736842105263158,-1.0389254385964912
bag,1.2535937499999998,0.05,1.1,0.36666666666666664,2.85,-1.2535937499999998
bagel,1.2181712962962963,0.1111111111111111,2.2222222222222223,0.3703703703703704,4.222222222222222,-1.2181712962962963
bagpipes,1.3120248538011696,0.10526315789473684,3.4210526315789473,0.4276315789473684,5.7368421052631575,-1.3120248538011696
bake,1.0732060185185184,0.05555555555555555,1.5555555555555556,0.3888888888888889,2.6666666666666665,-1.0732060185185184
ball,0.1125,0.85,2.8,0.9333333333333333,0.2,-0.1125
balloon,0.8612500000000001,0.1,2.7,0.54,2.35,-0.8612500000000001
bamboo,1.1497916666666668,0.0,1.45,0.29,4.65,-1.1497916666666668
banana,1.1951754385964912,0.21052631578947367,2.526315789473684,0.42105263157894735,4.0,-1.1951754385964912
bandage,1.4211929563492063,0.0,2.55,0.31875,7.2,-1.4211929563492063
banjo,1.2859747023809525,0.1,2.8,0.35,5.6,-1.2859747023809525
bar,0.725109649122807,0.2631578947368421,2.0526315789473686,0.6842105263157895,1.5263157894736843,-0.725109649122807
barbecue,1.0803906250000002,0.15,4.05,0.50625,4.7,-1.0803906250000002
barn,1.4014880952380953,0.0,1.380952380952381,0.34523809523809523,3.0952380952380953,-1.4014880952380953
barrel,1.4825657894736841,0.05263157894736842,1.6842105263157894,0.3368421052631579,4.157894736842105,-1.4825657894736841
baseball,0.2544642857142857,0.8333333333333334,6.111111111111111,0.873015873015873,1.1111111111111112,-0.2544642857142857
basket,1.0671060090702948,0.09523809523809523,3.238095238095238,0.5396825396825398,4.476190476190476,-1.0671060090702948
basketball,0.32060185185185186,0.6666666666666666,7.722222222222222,0.8580246913580247,1.6666666666666667,-0.32060185185185186
bat,0.7843201754385966,0.21052631578947367,1.894736842105263,0.631578947368421,2.263157894736842,-0.7843201754385966
bathroom,0.2482638888888889,0.8333333333333334,5.333333333333333,0.8888888888888888,0.7222222222222222,-0.2482638888888889
battery,0.6296875000000001,0.5263157894736842,4.105263157894737,0.6842105263157895,2.1052631578947367,-0.6296875000000001
be,1.0127083333333333,0.0,0.6,0.3,3.1,-1.0127083333333333
beach,0.7745610119047619,0.05,2.4,0.48,3.75,-0.7745610119047619
beads,0.9817982456140352,0.0,0.8421052631578947,0.21052631578947367,3.5789473684210527,-0.9817982456140352
beak,1.1321875000000001,0.0,0.95,0.31666666666666665,2.55,-1.1321875000000001
bean,1.1595014880952381,0.05,1.1,0.36666666666666664,2.8,-1.1595014880952381
bear,0.718452380952381,0.14285714285714285,1.7142857142857142,0.5714285714285714,2.1904761904761907,-0.718452380952381
beard,0.9869791666666666,0.0,1.6666666666666667,0.4166666666666667,3.0555555555555554,-0.9869791666666666
because,0.7876488095238096,0.4,2.6,0.52,2.8,-0.7876488095238096
bed,0.9796875,0.0,0.8,0.26666666666666666,3.5,-0.9796875
bee,1.0225694444444444,0.05555555555555555,0.8333333333333334,0.4166666666666667,2.0,-1.0225694444444444
been,1.1326041666666666,0.0,1.0,0.3333333333333333,2.3,-1.1326041666666666
before,0.27645833333333336,0.8,4.3,0.86,0.9,-0.27645833333333336
being,1.1471875,0.0,1.5,0.375,2.9,-1.1471875
bell,0.8025219298245613,0.3157894736842105,1.736842105263158,0.5789473684210527,1.894736842105263,-0.8025219298245613
belt,1.3372594246031746,0.05,1.35,0.3375,4.1,-1.3372594246031746
bench,1.5498511904761905,0.0,1.9473684210526316,0.32456140350877194,5.315789473684211,-1.5498511904761905
between,0.6497023809523809,0.5,3.6,0.6,3.1,-0.6497023809523809
bib,0.9206845238095239,0.047619047619047616,1.0952380952380953,0.36507936507936506,2.8095238095238093,-0.9206845238095239
bible,0.6951754385964912,0.10526315789473684,2.6315789473684212,0.4385964912280702,3.6842105263157894,-0.6951754385964912
bike,1.0239583333333333,0.1111111111111111,1.7777777777777777,0.4444444444444444,2.5555555555555554,-1.0239583333333333
binoculars,1.4342105263157894,0.0,3.1052631578947367,0.2822966507177033,8.68421052631579,-1.4342105263157894
bird,1.0479166666666666,0.05,1.6,0.4,3.05,-1.0479166666666666
biscuits,1.0367745535714286,0.05,3.55,0.5071428571428571,5.4,-1.0367745535714286
bleachers,1.1474780701754386,0.0,4.2631578947368425,0.47368421052631576,5.2105263157894735,-1.1474780701754386
blender,1.2083333333333335,0.05263157894736842,2.789473684210526,0.3984962406015037,4.473684210526316,-1.2083333333333335
blimp,1.305043859649123,0.10526315789473684,2.263157894736842,0.4526315789473684,4.157894736842105,-1.305043859649123
blueberry,0.9155257936507937,0.4,4.05,0.5785714285714285,3.85,-0.9155257936507937
boat,0.5088541666666667,0.3888888888888889,2.8333333333333335,0.7083333333333334,1.7777777777777777,-0.5088541666666667
bomb,0.9582624716553289,0.14285714285714285,1.6666666666666667,0.5555555555555556,1.8095238095238095,-0.9582624716553289
bone,0.6967187499999999,0.25,3.0,0.75,1.1,-0.6967187499999999
book,1.0522916666666666,0.2,1.15,0.3833333333333333,2.7,-1.0522916666666666
boot,0.75140625,0.05,2.2,0.7333333333333333,2.45,-0.75140625
both,0.38375,0.7,3.2,0.8,0.9,-0.38375
bottle,1.1551041666666666,0.15,1.85,0.37,3.55,-1.1551041666666666
bow,0.8111979166666666,0.35,1.85,0.6166666666666666,1.6,-0.8111979166666666
bowl,0.7353125,0.1,1.6,0.4,2.5,-0.7353125
bowling,1.046688988095238,0.2,2.55,0.425,3.9,-1.046688988095238
bowtie,0.6760565476190477,0.35,3.1,0.62,2.8,-0.6760565476190477
box,0.7620312499999999,0.25,2.25,0.5625,2.1,-0.7620312499999999
boy,0.7901864035087719,0.5789473684210527,1.9473684210526316,0.6491228070175439,1.736842105263158,-0.7901864035087719
bra,0.6853125,0.45,2.15,0.7166666666666666,1.45,-0.6853125
bracelet,1.186892361111111,0.05,3.0,0.375,6.05,-1.186892361111111
brain,0.8805555555555555,0.16666666666666666,2.7777777777777777,0.5555555555555556,2.3333333333333335,-0.8805555555555555
bread,0.7505527210884354,0.23809523809523808,2.0476190476190474,0.5119047619047619,2.5714285714285716,-0.7505527210884354
breakfast,0.45275297619047616,0.6666666666666666,6.285714285714286,0.7857142857142857,2.0476190476190474,-0.45275297619047616
breaking,1.1638392857142856,0.05,2.55,0.3642857142857142,4.95,-1.1638392857142856
brick,0.9330729166666666,0.15,1.95,0.4875,2.55,-0.9330729166666666
bride,0.7092575187969924,0.0,2.473684210526316,0.4947368421052632,2.6842105263157894,-0.7092575187969924
bridge,0.7208912037037037,0.2777777777777778,2.8333333333333335,0.4722222222222222,3.4444444444444446,-0.7208912037037037
british,0.9229166666666666,0.0,3.2,0.5333333333333333,3.2,-0.9229166666666666
broccoli,1.4625,0.0,2.75,0.3928571428571428,5.25,-1.4625
broom,1.0416666666666665,0.2,2.25,0.5625,1.95,-1.0416666666666665
bruise,1.0193359375,0.0625,2.0625,0.515625,3.25,-1.0193359375
brush,0.5378125,0.5,2.9,0.725,1.45,-0.5378125
bubble,0.8135964912280702,0.15789473684210525,1.9473684210526316,0.38947368421052636,3.5789473684210527,-0.8135964912280702
bucket,1.3237760416666666,0.05,1.3,0.26,4.05,-1.3237760416666666
bull,0.6702380952380952,0.09523809523809523,1.619047619047619,0.5396825396825397,2.0952380952380953,-0.6702380952380952
bullets,1.1453125,0.05,1.85,0.30833333333333335,4.55,-1.1453125
bus,0.9024801587301587,0.047619047619047616,1.4285714285714286,0.47619047619047616,3.0,-0.9024801587301587
butter,1.17109375,0.15,2.65,0.53,3.1,-1.17109375
butterfly,0.4206414473684211,0.6842105263157895,7.157894736842105,0.7953216374269005,2.1052631578947367,-0.4206414473684211
button,1.3355263157894737,0.05263157894736842,1.263157894736842,0.25263157894736843,3.789473684210526,-1.3355263157894737
cabinets,1.362109375,0.0,2.95,0.36875,6.45,-1.362109375
cactus,1.4422902494331065,0.047619047619047616,2.9523809523809526,0.4920634920634921,5.142857142857143,-1.4422902494331065
cage,1.4986058897243109,0.0,1.5263157894736843,0.2543859649122807,5.105263157894737,-1.4986058897243109
cake,1.3958854166666668,0.1,2.0,0.5,3.1,-1.3958854166666668
calculator,1.3517316017316017,0.0,4.714285714285714,0.39285714285714285,8.428571428571429,-1.3517316017316017
calendar,1.336328125,0.05,3.4,0.425,5.6,-1.336328125
called,1.6615625,0.0,0.8,0.2,3.3,-1.6615625
calling,1.3286830357142856,0.05,1.8,0.36,4.15,-1.3286830357142856
came,0.5953125,0.3,2.5,0.625,1.7,-0.5953125
camel,1.3788194444444446,0.0,2.2222222222222223,0.4444444444444444,3.2222222222222223,-1.3788194444444446
camera,1.4180840773809522,0.15,2.8,0.4666666666666666,4.0,-1.4180840773809522
can,1.7841269841269842,0.09523809523809523,1.0476190476190477,0.3492063492063492,2.6666666666666665,-1.7841269841269842
canal,1.6119791666666667,0.0,1.65,0.33,4.05,-1.6119791666666667
candle,1.449248120300752,0.05263157894736842,2.1052631578947367,0.3508771929824562,4.578947368421052,-1.449248120300752
candy,1.4502976190476191,0.047619047619047616,1.9047619047619047,0.38095238095238093,3.9523809523809526,-1.4502976190476191
cane,1.7100694444444444,0.0,0.5555555555555556,0.1388888888888889,3.5555555555555554,-1.7100694444444444
cannon,1.8783730158730156,0.0,1.1111111111111112,0.2222222222222222,4.833333333333333,-1.8783730158730156
canoe,1.5529513888888888,0.0,1.1111111111111112,0.2777777777777778,3.1666666666666665,-1.5529513888888888
cap,1.3365624999999999,0.0,1.85,0.6166666666666666,2.85,-1.3365624999999999
captain,1.1476757369614514,0.09523809523809523,3.1904761904761907,0.5317460317460317,4.095238095238095,-1.1476757369614514
car,0.4621710526315789,0.7894736842105263,2.473684210526316,0.8245614035087719,0.631578947368421,-0.4621710526315789
carrot,1.342096560846561,0.0,1.7777777777777777,0.35555555555555557,4.388888888888889,-1.342096560846561
cart,0.7816550925925926,0.05555555555555555,2.4444444444444446,0.6111111111111112,2.5,-0.7816550925925926
cast,1.3783991228070176,0.0,2.263157894736842,0.5657894736842105,3.6315789473684212,-1.3783991228070176
castle,1.5960526315789474,0.0,1.5789473684210527,0.3157894736842105,4.473684210526316,-1.5960526315789474
cat,1.2511458333333334,0.05,1.45,0.4833333333333333,3.05,-1.2511458333333334
caterpillar,1.2561197916666667,0.05,3.9,0.4333333333333333,6.0,-1.2561197916666667
cauliflower,0.710763888888889,0.5,7.35,0.735,3.45,-0.710763888888889
cave,1.242352843915344,0.16666666666666666,1.2222222222222223,0.3055555555555556,3.2777777777777777,-1.242352843915344
ceiling,1.422404970760234,0.05263157894736842,2.1578947368421053,0.431578947368421,4.052631578947368,-1.422404970760234
celery,0.41185887896825396,0.65,5.05,0.8416666666666666,1.6,-0.41185887896825396
chain,1.4366294642857143,0.05,2.2,0.3666666666666667,4.2,-1.4366294642857143
chair,1.0467261904761904,0.2857142857142857,2.7142857142857144,0.5428571428571429,2.761904761904762,-1.0467261904761904
chalk,1.0625,0.1,2.35,0.47000000000000003,3.35,-1.0625
chandelier,1.6315104166666667,0.0,2.8333333333333335,0.3541666666666667,7.277777777777778,-1.6315104166666667
checkers,1.448611111111111,0.0,3.3333333333333335,0.4166666666666667,5.611111111111111,-1.448611111111111
cheerleaders,1.3709635416666666,0.0,4.4,0.39999999999999997,7.75,-1.3709635416666666
cheese,0.47445436507936506,0.6190476190476191,3.6666666666666665,0.7333333333333334,1.6666666666666667,-0.47445436507936506
cherries,0.7308114035087719,0.3684210526315789,4.578947368421052,0.6541353383458647,2.9473684210526314,-0.7308114035087719
chest,1.2142857142857142,0.047619047619047616,3.3333333333333335,0.5555555555555556,3.6666666666666665,-1.2142857142857142
chick,1.360813492063492,0.0,2.380952380952381,0.47619047619047616,3.4761904761904763,-1.360813492063492
children,1.3375,0.1,3.5,0.3888888888888889,6.4,-1.3375
chimney,1.4753459821428572,0.05,2.85,0.40714285714285714,5.45,-1.4753459821428572
chin,0.9169921875,0.1875,3.6875,0.7375,1.8125,-0.9169921875
chocolate,1.1989087301587302,0.16666666666666666,3.7222222222222223,0.4652777777777778,5.166666666666667,-1.1989087301587302
choir,1.2033168859649124,0.0,2.9473684210526314,0.4912280701754386,3.4210526315789473,-1.2033168859649124
chopping,0.7513690476190477,0.25,4.4,0.6285714285714286,2.95,-0.7513690476190477
chopsticks,0.9564144736842105,0.3157894736842105,6.0,0.6,4.894736842105263,-0.9564144736842105
church,1.2527604166666666,0.15,5.85,0.73125,4.9,-1.2527604166666666
cigar,1.18125,0.05,2.1,0.42000000000000004,3.4,-1.18125
cigarette,0.7889030612244897,0.42857142857142855,4.142857142857143,0.5918367346938774,3.1904761904761907,-0.7889030612244897
circle,1.4881250000000001,0.0,1.45,0.2416666666666667,5.5,-1.4881250000000001
city,1.06953125,0.1,2.35,0.5875,2.6,-1.06953125
clapping,1.3124627976190477,0.05,2.3,0.38333333333333336,4.45,-1.3124627976190477
clarinet,1.4408854166666667,0.0,3.1,0.3875,6.4,-1.4408854166666667
cleaning,1.5432291666666667,0.1,2.75,0.4583333333333333,4.55,-1.5432291666666667
cliff,0.8336226851851851,0.16666666666666666,2.5,0.625,2.388888888888889,-0.8336226851851851
climbing,1.3077566964285714,0.0,2.15,0.3071428571428571,5.3,-1.3077566964285714
clock,0.9946875000000001,0.35,2.6,0.65,2.25,-0.9946875000000001
closet,1.0387593694885362,0.2222222222222222,2.9444444444444446,0.49074074074074076,4.388888888888889,-1.0387593694885362
clothes,0.4989583333333334,0.4,4.0,0.6666666666666666,2.0,-0.4989583333333334
cloud,0.8831766917293232,0.10526315789473684,3.210526315789474,0.6421052631578948,2.8947368421052633,-0.8831766917293232
clown,0.9907894736842104,0.05263157894736842,2.8947368421052633,0.5789473684210527,2.4210526315789473,-0.9907894736842104
cobweb,1.0458333333333332,0.25,2.7,0.45,4.6,-1.0458333333333332
coconut,1.4207589285714286,0.0,2.0952380952380953,0.2619047619047619,6.523809523809524,-1.4207589285714286
coin,1.631436011904762,0.0,1.4,0.35,4.4,-1.631436011904762
cold,0.8299590773809523,0.1,3.0,0.6,2.4,-0.8299590773809523
column,1.0128472222222222,0.05555555555555555,2.611111111111111,0.5222222222222223,3.0,-1.0128472222222222
comb,1.2120312500000001,0.0,2.25,0.5625,1.9,-1.2120312500000001
comes,1.36125,0.0,1.4,0.35,3.5,-1.36125
coming,1.1364285714285716,0.2,1.8,0.36,3.6,-1.1364285714285716
compass,1.378982843137255,0.0,1.7058823529411764,0.28431372549019607,5.705882352941177,-1.378982843137255
computer,1.342690058479532,0.15789473684210525,4.052631578947368,0.4502923976608187,6.2631578947368425,-1.342690058479532
cookie,1.1618421052631578,0.3157894736842105,2.526315789473684,0.631578947368421,2.526315789473684,-1.1618421052631578
cooler,1.0462962962962963,0.3888888888888889,3.111111111111111,0.6222222222222222,2.2222222222222223,-1.0462962962962963
cork,1.2578125,0.1,2.75,0.6875,2.5,-1.2578125
corn,1.3212171052631578,0.05263157894736842,2.1052631578947367,0.5263157894736842,2.473684210526316,-1.3212171052631578
could,1.6786458333333332,0.0,0.5,0.16666666666666666,3.3,-1.6786458333333332
cow,1.083004385964912,0.10526315789473684,2.0526315789473686,0.6842105263157895,1.631578947368421,-1.083004385964912
cowboy,1.3158895502645502,0.16666666666666666,2.7222222222222223,0.45370370370370366,4.444444444444445,-1.3158895502645502
crab,1.0666666666666667,0.05263157894736842,1.736842105263158,0.4342105263157895,3.473684210526316,-1.0666666666666667
crackers,1.4091478696741853,0.0,2.6842105263157894,0.38345864661654133,5.315789473684211,-1.4091478696741853
crayon,1.521825396825397,0.0,1.380952380952381,0.23015873015873017,5.0,-1.521825396825397
crib,1.3843973214285714,0.0,1.15,0.2875,4.3,-1.3843973214285714
croissant,1.7516121031746033,0.0,2.3684210526315788,0.3383458646616541,6.526315789473684,-1.7516121031746033
crook,1.9459375,0.0,1.5,0.375,3.9,-1.9459375
cross,0.5427083333333333,0.4444444444444444,3.3333333333333335,0.8333333333333334,1.6666666666666667,-0.5427083333333333
crosswalk,1.568484268707483,0.14285714285714285,3.142857142857143,0.44897959183673464,5.904761904761905,-1.568484268707483
crown,0.8833630952380952,0.0,3.25,0.65,2.75,-0.8833630952380952
crutches,1.214781746031746,0.05555555555555555,3.2777777777777777,0.4097222222222222,5.555555555555555,-1.214781746031746
cucumber,1.3643092105263157,0.0,3.1578947368421053,0.3508771929824561,6.578947368421052,-1.3643092105263157
cup,1.1811951754385965,0.05263157894736842,1.3157894736842106,0.4385964912280701,3.0526315789473686,-1.1811951754385965
cupcake,1.2823073308270676,0.15789473684210525,2.8421052631578947,0.40601503759398494,4.947368421052632,-1.2823073308270676
curtain,1.0408779761904763,0.3,3.55,0.5916666666666667,3.2,-1.0408779761904763
cutting,1.6694270833333333,0.0,1.0,0.2,5.4,-1.6694270833333333
cycling,1.33359375,0.0,2.8,0.35,5.75,-1.33359375
cymbals,0.9818886408730159,0.0,3.35,0.47857142857142854,4.6,-0.9818886408730159
dancing,1.2394345238095237,0.0,1.55,0.25833333333333336,5.1,-1.2394345238095237
dart,1.5382886904761905,0.0,1.55,0.3875,5.15,-1.5382886904761905
days,1.1275,0.0,0.8,0.2,3.4,-1.1275
dealing,1.4078125,0.0,1.45,0.29,4.15,-1.4078125
deer,1.0848922902494331,0.09523809523809523,1.4761904761904763,0.492063492063492,2.9523809523809526,-1.0848922902494331
dentist,1.1366959064327486,0.05263157894736842,3.789473684210526,0.5413533834586466,5.157894736842105,-1.1366959064327486
deodorant,1.54375,0.0,2.4,0.24,8.35,-1.54375
desert,1.39103835978836,0.0,2.5,0.4166666666666667,5.5,-1.39103835978836
desk,1.4887825963718821,0.0,1.2857142857142858,0.32142857142857145,4.523809523809524,-1.4887825963718821
dice,1.13203125,0.1,1.75,0.4375,3.05,-1.13203125
did,1.1124479166666665,0.0,0.6,0.2,4.4,-1.1124479166666665
digging,1.72,0.0,0.35,0.07,4.8,-1.72
dinosaur,1.3216282894736842,0.10526315789473684,3.1578947368421053,0.39473684210526316,6.157894736842105,-1.3216282894736842
doctor,1.390480324074074,0.05555555555555555,3.6666666666666665,0.6111111111111112,5.722222222222222,-1.390480324074074
does,1.413125,0.0,0.6,0.15,4.0,-1.413125
dog,1.3186921296296297,0.2222222222222222,1.0555555555555556,0.35185185185185186,3.2777777777777777,-1.3186921296296297
doing,1.4194345238095238,0.2,1.1,0.275,4.0,-1.4194345238095238
doll,1.177357456140351,0.15789473684210525,1.263157894736842,0.42105263157894735,2.473684210526316,-1.177357456140351
dolphin,1.1718358395989974,0.05263157894736842,2.3684210526315788,0.39473684210526316,3.9473684210526314,-1.1718358395989974
dominoes,1.0513980263157894,0.21052631578947367,3.6842105263157894,0.4605263157894737,4.684210526315789,-1.0513980263157894
done,1.3947916666666667,0.0,0.7,0.2333333333333333,3.5,-1.3947916666666667
door,0.7896577380952381,0.2,1.55,0.5166666666666666,2.6,-0.7896577380952381
dough,0.8080439814814815,0.1111111111111111,2.0,0.6666666666666666,1.7222222222222223,-0.8080439814814815
dove,1.0793335137085138,0.047619047619047616,0.5714285714285714,0.19047619047619047,3.761904761904762,-1.0793335137085138
dragon,1.3441751700680273,0.047619047619047616,1.6666666666666667,0.2777777777777778,5.190476190476191,-1.3441751700680273
dragonfly,1.066287878787879,0.2777777777777778,5.333333333333333,0.4848484848484848,6.555555555555555,-1.066287878787879
drawer,1.1154513888888888,0.16666666666666666,2.1666666666666665,0.5416666666666666,2.8333333333333335,-1.1154513888888888
dress,0.8510260025062656,0.10526315789473684,1.9473684210526316,0.4868421052631579,3.0526315789473686,-0.8510260025062656
dresser,1.1106436011904761,0.0,3.1,0.5166666666666667,5.35,-1.1106436011904761
drilling,1.344122023809524,0.0,2.0,0.33333333333333337,5.1,-1.344122023809524
drinking,1.1474062761069341,0.05263157894736842,3.473684210526316,0.4962406015037594,4.947368421052632,-1.1474062761069341
drum,1.6827876984126984,0.047619047619047616,0.6190476190476191,0.15476190476190477,3.761904761904762,-1.6827876984126984
drumming,1.0782142857142856,0.0,2.8,0.4666666666666667,4.2,-1.0782142857142856
drums,1.3492224702380953,0.05,1.5,0.3,4.5,-1.3492224702380953
duck,1.6814771303258145,0.05263157894736842,0.42105263157894735,0.14035087719298245,3.736842105263158,-1.6814771303258145
each,1.191875,0.0,1.6,0.4,3.8,-1.191875
ear,1.0484375,0.05,1.15,0.575,2.65,-1.0484375
earmuffs,1.068121693121693,0.3888888888888889,3.2777777777777777,0.5462962962962963,3.8333333333333335,-1.068121693121693
earring,0.8839806547619048,0.2,2.65,0.6625,2.7,-0.8839806547619048
eating,1.4674479166666667,0.1,1.6,0.4,3.55,-1.4674479166666667
eel,1.4072767857142856,0.0,0.8,0.4,4.4,-1.4072767857142856
egg,1.6052083333333331,0.0,0.15,0.075,3.2,-1.6052083333333331
eggplant,1.6182448308270676,0.0,1.631578947368421,0.23308270676691725,6.842105263157895,-1.6182448308270676
eggrolls,1.4464546783625731,0.05263157894736842,2.789473684210526,0.34868421052631576,6.157894736842105,-1.4464546783625731
elbow,0.3120653195488721,0.7368421052631579,4.2631578947368425,0.8526315789473684,1.1578947368421053,-0.3120653195488721
elephant,0.9680493551587303,0.25,3.85,0.55,4.3,-0.9680493551587303
elevator,0.3224392361111111,0.75,7.75,0.861111111111111,1.55,-0.3224392361111111
envelope,1.7291940789473683,0.0,1.6842105263157894,0.21052631578947367,8.052631578947368,-1.7291940789473683
eraser,1.392063492063492,0.1,3.1,0.4428571428571428,5.4,-1.392063492063492
every,1.0452083333333333,0.1,2.5,0.5,3.3,-1.0452083333333333
eye,0.9300595238095238,0.09523809523809523,1.4285714285714286,0.7142857142857143,1.7142857142857142,-0.9300595238095238
fact,0.651875,0.0,2.7,0.675,1.4,-0.651875
fair,0.911156798245614,0.15789473684210525,2.0,0.6666666666666666,2.473684210526316,-0.911156798245614
fairy,0.42653273809523806,0.35,3.45,0.8625,1.55,-0.42653273809523806
fan,1.4552157738095237,0.0,1.0,0.3333333333333333,4.1,-1.4552157738095237
fantastic,0.5522916666666667,0.6,7.5,0.8333333333333334,2.7,-0.5522916666666667
farmer,0.5822368421052632,0.631578947368421,4.578947368421052,0.7631578947368421,1.631578947368421,-0.5822368421052632
fat,0.5931597222222222,0.2,2.3,0.7666666666666666,2.0,-0.5931597222222222
faucet,1.1482955798059966,0.1111111111111111,2.388888888888889,0.47777777777777775,4.944444444444445,-1.1482955798059966
feather,0.3624107142857143,0.5,4.2,0.8400000000000001,1.2,-0.3624107142857143
fence,1.0604568216175358,0.09523809523809523,2.4285714285714284,0.6071428571428571,3.8095238095238093,-1.0604568216175358
fin,0.9923883928571428,0.15,1.75,0.5833333333333333,2.25,-0.9923883928571428
final,1.1458333333333333,0.0,2.8,0.4666666666666667,3.5,-1.1458333333333333
fine,0.5846875,0.3,3.2,0.8,1.0,-0.5846875
finger,0.5729497354497355,0.6111111111111112,4.611111111111111,0.7685185185185186,2.1666666666666665,-0.5729497354497355
fire,0.5978070175438597,0.47368421052631576,3.8421052631578947,0.7684210526315789,1.5263157894736843,-0.5978070175438597
fireman,1.0118641774891777,0.25,4.4,0.6285714285714286,4.7,-1.0118641774891777
fireplace,0.7384259259259259,0.3888888888888889,6.555555555555555,0.6555555555555556,4.388888888888889,-0.7384259259259259
fish,0.3981770833333333,0.65,2.65,0.8833333333333334,1.2,-0.3981770833333333
fisherman,0.8447485902255639,0.3684210526315789,5.473684210526316,0.6842105263157895,3.3684210526315788,-0.8447485902255639
fishing,1.0000558035714286,0.1,3.05,0.6100000000000001,3.3,-1.0000558035714286
fist,0.6419419642857143,0.35,2.7,0.675,1.9,-0.6419419642857143
five,0.090625,0.9,3.9,0.975,0.2,-0.090625
flag,0.5820089285714285,0.4,3.05,0.7625,1.5,-0.5820089285714285
flamingo,1.2727904040404039,0.2,4.7,0.5222222222222223,5.7,-1.2727904040404039
flashlight,1.346484375,0.15,3.6,0.45,5.95,-1.346484375
flask,1.2117299107142858,0.05,2.55,0.51,3.6,-1.2117299107142858
flight,1.2238430059523808,0.0,2.15,0.43,4.05,-1.2238430059523808
float,1.0910813492063491,0.15,2.8,0.5599999999999999,3.8,-1.0910813492063491
flower,0.1943139097744361,0.7894736842105263,5.578947368421052,0.9298245614035089,0.7894736842105263,-0.1943139097744361
flute,0.9990079365079365,0.15789473684210525,2.3157894736842106,0.5789473684210527,2.6315789473684212,-0.9990079365079365
fly,0.9121162280701753,0.42105263157894735,2.526315789473684,0.631578947368421,2.4210526315789473,-0.9121162280701753
flying,1.162797619047619,0.1,2.95,0.4916666666666667,3.8,-1.162797619047619
foot,1.5073869569757727,0.0,0.8421052631578947,0.2807017543859649,4.7894736842105265,-1.5073869569757727
football,0.5427083333333333,0.7,4.4,0.7333333333333333,1.8,-0.5427083333333333
fork,0.9036979166666667,0.3,2.65,0.6625,2.45,-0.9036979166666667
found,0.7889583333333333,0.3,3.3,0.6599999999999999,2.7,-0.7889583333333333
fountain,0.6897383432539682,0.5,4.95,0.7071428571428571,2.95,-0.6897383432539682
four,0.2839583333333333,0.3,2.9,0.9666666666666666,0.5,-0.2839583333333333
fox,0.9583333333333333,0.3157894736842105,2.263157894736842,0.5657894736842105,2.526315789473684,-0.9583333333333333
frame,0.9729724702380953,0.3,2.8,0.5599999999999999,3.15,-0.9729724702380953
frisbee,0.3484623015873016,0.6666666666666666,5.111111111111111,0.8518518518518519,1.2777777777777777,-0.3484623015873016
frog,0.7619791666666667,0.3888888888888889,3.0,0.75,1.3333333333333333,-0.7619791666666667
fruit,0.5848135964912281,0.3157894736842105,2.5789473684210527,0.6447368421052632,1.736842105263158,-0.5848135964912281
funnel,1.71875,0.0,0.95,0.19,4.8,-1.71875
garage,1.0188095238095238,0.4,2.6,0.52,3.1,-1.0188095238095238
garden,1.3674812030075187,0.0,1.7894736842105263,0.29824561403508776,4.684210526315789,-1.3674812030075187
garlic,1.6657366071428572,0.0,1.6,0.2666666666666667,5.35,-1.6657366071428572
gate,1.247313596491228,0.0,1.368421052631579,0.34210526315789475,3.789473684210526,-1.247313596491228
genie,1.4521875,0.05,1.85,0.30833333333333335,5.35,-1.4521875
getting,1.2414285714285715,0.0,1.8,0.36,4.6,-1.2414285714285715
ghost,0.9699443922305765,0.0,3.0526315789473686,0.6105263157894737,2.9473684210526314,-0.9699443922305765
ginger,1.2354845446950709,0.15789473684210525,4.473684210526316,0.4473684210526316,6.684210526315789,-1.2354845446950709
giraffe,0.57625,0.55,4.85,0.6928571428571428,2.8,-0.57625
girl,1.2144791666666666,0.05,1.8,0.45,2.45,-1.2144791666666666
given,1.0079464285714286,0.2,2.7,0.54,2.9,-1.0079464285714286
giving,1.307544642857143,0.0,2.0,0.4,4.0,-1.307544642857143
glass,0.6455853174603176,0.3333333333333333,2.6666666666666665,0.6666666666666666,2.0555555555555554,-0.6455853174603176
glasses,1.0857886904761904,0.05,2.45,0.4083333333333333,4.35,-1.0857886904761904
globe,0.760438712522046,0.3333333333333333,3.6666666666666665,0.7333333333333333,3.111111111111111,-0.760438712522046
glove,0.6513616071428572,0.15,2.1,0.525,2.25,-0.6513616071428572
goat,1.0019266917293232,0.05263157894736842,2.3684210526315788,0.5921052631578947,2.6315789473684212,-1.0019266917293232
goes,0.7745833333333334,0.0,2.5,0.625,2.5,-0.7745833333333334
goggles,1.5268640350877194,0.0,1.3157894736842106,0.2192982456140351,4.7368421052631575,-1.5268640350877194
going,1.0408705357142858,0.3,2.4,0.48,4.2,-1.0408705357142858
goldfish,0.40338541666666666,0.6666666666666666,6.388888888888889,0.7986111111111112,1.9444444444444444,-0.40338541666666666
golf,0.4895833333333333,0.4444444444444444,2.6666666666666665,0.6666666666666666,1.5,-0.4895833333333333
gone,1.6239583333333336,0.2,0.7,0.23333333333333334,2.5,-1.6239583333333336
gorilla,1.8841964285714288,0.0,1.55,0.25833333333333336,5.4,-1.8841964285714288
got,1.0601041666666666,0.0,1.3,0.4333333333333333,3.0,-1.0601041666666666
grapes,0.7746726190476191,0.35,3.95,0.6583333333333333,3.3,-0.7746726190476191
grass,0.9267935463659146,0.10526315789473684,1.6842105263157894,0.42105263157894735,3.8421052631578947,-0.9267935463659146
greeting,1.4504464285714287,0.0,1.7,0.2833333333333333,5.0,-1.4504464285714287
grenade,1.234722222222222,0.05,2.8,0.39999999999999997,4.8,-1.234722222222222
guitar,1.5648496240601504,0.0,1.8421052631578947,0.3684210526315789,4.368421052631579,-1.5648496240601504
gun,2.29609375,0.0,0.15,0.05,3.05,-2.29609375
had,1.125,0.0,1.2,0.39999999999999997,2.2,-1.125
hair,1.0288541666666666,0.15,1.9,0.6333333333333333,1.4,-1.0288541666666666
hairbrush,1.1240947420634921,0.3,3.25,0.46428571428571425,4.75,-1.1240947420634921
hamburger,1.3234126984126986,0.16666666666666666,4.444444444444445,0.4938271604938272,5.944444444444445,-1.3234126984126986
hammer,1.498377976190476,0.15,2.2,0.44000000000000006,3.35,-1.498377976190476
hammock,1.5613995927318296,0.0,1.6842105263157894,0.3368421052631579,4.315789473684211,-1.5613995927318296
hand,1.2474877450980393,0.058823529411764705,1.588235294117647,0.39705882352941174,2.8823529411764706,-1.2474877450980393
handcuffs,1.3346354166666667,0.0,2.45,0.30625,6.45,-1.3346354166666667
hanger,1.3464912280701753,0.05263157894736842,2.3157894736842106,0.46315789473684216,2.9473684210526314,-1.3464912280701753
happened,0.8681547619047618,0.0,3.3,0.55,3.9,-0.8681547619047618
hard,0.9887499999999999,0.3,2.1,0.525,2.3,-0.9887499999999999
harmonica,1.3295122275385431,0.05263157894736842,4.157894736842105,0.4619883040935672,6.7368421052631575,-1.3295122275385431
harp,1.3896205357142857,0.0,2.0,0.5,3.85,-1.3896205357142857
hat,1.3811755952380953,0.0,1.4285714285714286,0.47619047619047616,3.1904761904761907,-1.3811755952380953
have,0.9322916666666666,0.1,1.5,0.5,2.7,-0.9322916666666666
having,0.75,0.0,1.9,0.38,3.1,-0.75
hay,0.6696428571428571,0.047619047619047616,2.0,0.6666666666666666,1.3333333333333333,-0.6696428571428571
headphones,0.3268229166666667,0.7777777777777778,6.833333333333333,0.8541666666666666,1.4444444444444444,-0.3268229166666667
heart,1.3279191468253968,0.05,1.95,0.4875,3.95,-1.3279191468253968
heel,0.8761979166666667,0.05,1.75,0.5833333333333333,2.05,-0.8761979166666667
helicopter,1.0453373015873015,0.2857142857142857,5.523809523809524,0.5523809523809524,5.523809523809524,-1.0453373015873015
hello,0.29734375,0.7,4.4,0.8800000000000001,0.9,-0.29734375
helmet,1.5839120370370372,0.0,1.6666666666666667,0.2777777777777778,5.277777777777778,-1.5839120370370372
hen,1.8220942982456143,0.0,0.631578947368421,0.21052631578947367,2.4210526315789473,-1.8220942982456143
highchair,1.7456065759637187,0.0,2.4285714285714284,0.30357142857142855,6.476190476190476,-1.7456065759637187
highlighter,0.85625,0.2,5.8,0.6444444444444445,4.15,-0.85625
hinge,1.7103618421052633,0.0,1.8421052631578947,0.30701754385964913,4.894736842105263,-1.7103618421052633
hoe,0.7848958333333332,0.05,2.45,0.8166666666666667,1.3,-0.7848958333333332
hole,0.48139880952380953,0.38095238095238093,3.3333333333333335,0.8333333333333334,0.8095238095238095,-0.48139880952380953
honey,1.5672384085213034,0.0,0.7894736842105263,0.19736842105263158,4.2105263157894735,-1.5672384085213034
hoof,1.1473214285714286,0.23809523809523808,1.3333333333333333,0.4444444444444445,2.3333333333333335,-1.1473214285714286
hook,1.6004092261904763,0.1,0.95,0.31666666666666665,3.25,-1.6004092261904763
hopscotch,0.4489087301587301,0.6666666666666666,7.333333333333333,0.8148148148148148,2.3333333333333335,-0.4489087301587301
horn,1.2788541666666666,0.05,1.95,0.4875,2.65,-1.2788541666666666
horse,1.091611842105263,0.2631578947368421,2.1052631578947367,0.5263157894736842,3.210526315789474,-1.091611842105263
hose,0.9397791353383458,0.15789473684210525,2.0526315789473686,0.5131578947368421,2.6842105263157894,-0.9397791353383458
hosepipe,1.411698082010582,0.0,2.857142857142857,0.35714285714285715,7.0,-1.411698082010582
hot,1.2670535714285716,0.15,1.3,0.4333333333333333,3.5,-1.2670535714285716
hourglass,1.01953125,0.3,4.65,0.58125,4.4,-1.01953125
house,0.7541071428571429,0.1,3.0,0.75,1.45,-0.7541071428571429
hugging,1.663716517857143,0.0,0.6,0.12,4.95,-1.663716517857143
hummingbird,1.5559895833333333,0.0,1.9444444444444444,0.21604938271604937,7.388888888888889,-1.5559895833333333
hut,1.371373746867168,0.0,1.0,0.3333333333333333,3.4210526315789473,-1.371373746867168
iPod,1.268576388888889,0.0,1.4210526315789473,0.28421052631578947,5.105263157894737,-1.268576388888889
igloo,1.3521929824561403,0.0,1.4736842105263157,0.3684210526315789,3.526315789473684,-1.3521929824561403
important,0.498611111111111,0.6,6.2,0.6888888888888889,2.9,-0.498611111111111
iron,1.4794791666666667,0.1,2.55,0.51,3.65,-1.4794791666666667
island,1.3254676870748299,0.0,2.1904761904761907,0.3650793650793651,4.809523809523809,-1.3254676870748299
jack,1.3231930272108845,0.14285714285714285,1.7619047619047619,0.3523809523809524,4.285714285714286,-1.3231930272108845
jacket,1.1176488095238095,0.15,3.3,0.4714285714285714,4.85,-1.1176488095238095
jar,0.9358723958333334,0.0,1.9375,0.3875,3.25,-0.9358723958333334
jeans,1.1406641604010026,0.0,2.3684210526315788,0.39473684210526316,4.684210526315789,-1.1406641604010026
jeep,0.7177083333333333,0.0,1.6111111111111112,0.3222222222222222,3.6666666666666665,-0.7177083333333333
jellyfish,0.7658730158730159,0.35,5.45,0.6055555555555555,4.65,-0.7658730158730159
job,0.8153124999999999,0.2,1.9,0.38,3.5,-0.8153124999999999
judge,0.7925,0.25,4.65,0.6642857142857143,3.85,-0.7925
jug,1.2727521929824561,0.05263157894736842,1.263157894736842,0.25263157894736843,4.631578947368421,-1.2727521929824561
jukebox,1.5081254724111868,0.0,2.3333333333333335,0.25925925925925924,7.285714285714286,-1.5081254724111868
kangaroo,0.9611979166666667,0.4,4.2,0.6,3.5,-0.9611979166666667
ketchup,1.2910714285714286,0.19047619047619047,3.0,0.42857142857142855,4.809523809523809,-1.2910714285714286
kettle,1.6118055555555555,0.05555555555555555,2.0,0.4,3.888888888888889,-1.6118055555555555
key,1.7701041666666668,0.0,0.55,0.275,2.5,-1.7701041666666668
keyboard,1.207316468253968,0.15,2.1,0.35,4.65,-1.207316468253968
kicking,1.799375,0.0,0.85,0.16999999999999998,4.5,-1.799375
king,2.0910087719298245,0.0,0.21052631578947367,0.07017543859649122,3.1578947368421053,-2.0910087719298245
kitchen,1.5653417397660818,0.09523809523809523,2.9047619047619047,0.4149659863945578,5.571428571428571,-1.5653417397660818
kite,1.1419477513227514,0.0,1.8888888888888888,0.4722222222222222,3.2222222222222223,-1.1419477513227514
kiwi,1.1379464285714287,0.2,2.1,0.525,3.55,-1.1379464285714287
knee,1.6723214285714285,0.0,0.42857142857142855,0.21428571428571427,3.1904761904761907,-1.6723214285714285
knife,0.7555921052631579,0.42105263157894735,2.6842105263157894,0.6710526315789473,1.894736842105263,-0.7555921052631579
knight,1.5818617724867725,0.0,1.2222222222222223,0.3055555555555556,4.5,-1.5818617724867725
knob,1.3654985119047618,0.0,1.15,0.3833333333333333,3.65,-1.3654985119047618
knot,1.7735416666666666,0.0,1.0,0.3333333333333333,4.6,-1.7735416666666666
ladder,0.34156250000000005,0.45,4.05,0.8099999999999999,1.5,-0.34156250000000005
ladle,1.1333912037037035,0.05555555555555555,2.7777777777777777,0.462962962962963,4.444444444444445,-1.1333912037037035
ladybug,1.5382401315789473,0.0,1.894736842105263,0.23684210526315788,7.2105263157894735,-1.5382401315789473
lamb,1.166592261904762,0.0,1.9473684210526316,0.6491228070175438,3.263157894736842,-1.166592261904762
lamp,0.713768424036281,0.42857142857142855,2.9047619047619047,0.7261904761904762,2.619047619047619,-0.713768424036281
leaf,0.5526433270676692,0.2631578947368421,2.1578947368421053,0.7192982456140351,2.1578947368421053,-0.5526433270676692
leather,0.7229166666666667,0.1,3.0,0.6,2.5,-0.7229166666666667
leek,1.8842105263157893,0.0,0.8947368421052632,0.2982456140350877,2.789473684210526,-1.8842105263157893
lemon,0.4077850877192983,0.7368421052631579,4.157894736842105,0.8315789473684211,1.1578947368421053,-0.4077850877192983
library,0.8093315972222221,0.5,5.6,0.7,3.4,-0.8093315972222221
lighter,0.9128459821428571,0.15,4.05,0.675,3.9,-0.9128459821428571
lighthouse,0.8743489583333334,0.25,5.7,0.7125,3.85,-0.8743489583333334
lightning,1.069761904761905,0.05,3.6,0.5142857142857142,4.6,-1.069761904761905
lime,1.0297619047619047,0.09523809523809523,1.9047619047619047,0.47619047619047616,3.380952380952381,-1.0297619047619047
lion,1.2751587301587302,0.05,2.4,0.48,4.1,-1.2751587301587302
lips,1.1848958333333333,0.16666666666666666,2.0555555555555554,0.5138888888888888,3.2777777777777777,-1.1848958333333333
lipstick,0.8687562003968254,0.45,4.8,0.6857142857142857,3.55,-0.8687562003968254
lizard,1.5023313492063493,0.1111111111111111,2.1666666666666665,0.3611111111111111,4.944444444444445,-1.5023313492063493
lobster,0.8733334282676388,0.42105263157894735,4.7368421052631575,0.6766917293233083,3.789473684210526,-0.8733334282676388
lock,1.0231249999999998,0.1,1.65,0.55,2.2,-1.0231249999999998
locker,0.6812499999999999,0.4444444444444444,3.888888888888889,0.7777777777777778,1.6666666666666667,-0.6812499999999999
look,1.1509375,0.2,1.9,0.6333333333333333,2.5,-1.1509375
looking,1.115,0.2,2.3,0.45999999999999996,3.0,-1.115
looks,1.0559375,0.1,2.3,0.575,3.3,-1.0559375
lost,0.4640625,0.7,3.2,0.8,1.2,-0.4640625
lovely,1.0381696428571427,0.2,3.0,0.6,4.2,-1.0381696428571427
lungs,1.4749216791979949,0.0,0.8421052631578947,0.21052631578947367,3.789473684210526,-1.4749216791979949
made,0.98125,0.0,1.8,0.45,2.6,-0.98125
magazines,1.3063322368421053,0.0,2.1052631578947367,0.2631578947368421,6.7368421052631575,-1.3063322368421053
magnet,1.168703007518797,0.05263157894736842,3.1578947368421053,0.5263157894736842,3.5789473684210527,-1.168703007518797
mailbox,1.3302722953216375,0.10526315789473684,3.263157894736842,0.40789473684210525,5.894736842105263,-1.3302722953216375
making,1.3215773809523808,0.0,1.8,0.3,4.6,-1.3215773809523808
man,1.178240740740741,0.2222222222222222,1.5,0.5,1.6666666666666667,-1.178240740740741
many,1.0945833333333332,0.1,1.9,0.475,3.0,-1.0945833333333332
map,0.8017308897243107,0.42105263157894735,1.894736842105263,0.631578947368421,2.736842105263158,-0.8017308897243107
marbles,0.9948308270676692,0.21052631578947367,3.5789473684210527,0.5112781954887218,3.8947368421052633,-0.9948308270676692
marker,1.291765873015873,0.14285714285714285,2.761904761904762,0.4603174603174603,3.8095238095238093,-1.291765873015873
mascara,1.2816964285714285,0.05,2.85,0.40714285714285714,4.7,-1.2816964285714285
mask,1.126019345238095,0.05,2.4,0.6,3.05,-1.126019345238095
match,0.7420304232804233,0.3333333333333333,3.6666666666666665,0.7333333333333333,1.9444444444444444,-0.7420304232804233
mattress,0.6658834586466166,0.2631578947368421,4.105263157894737,0.6842105263157895,2.736842105263158,-0.6658834586466166
may,1.128125,0.0,1.8,0.6,1.8,-1.128125
maze,1.1372916666666666,0.05,1.35,0.3375,3.15,-1.1372916666666666
means,1.2625,0.1,1.4,0.35,3.1,-1.2625
medal,1.261732456140351,0.0,1.4736842105263157,0.2947368421052632,4.052631578947368,-1.261732456140351
menu,1.6079166666666667,0.05,2.15,0.43,4.4,-1.6079166666666667
merry-go-round,1.4541666666666666,0.0,4.75,0.3392857142857143,11.1,-1.4541666666666666
microphone,0.6454861111111111,0.5,6.666666666666667,0.6666666666666666,3.4444444444444446,-0.6454861111111111
microscope,1.4842032967032968,0.0,3.5714285714285716,0.3246753246753246,8.952380952380953,-1.4842032967032968
might,1.3771279761904762,0.0,1.3,0.325,3.8,-1.3771279761904762
miming,1.4729166666666669,0.0,1.25,0.20833333333333334,5.05,-1.4729166666666669
mind,1.105,0.0,2.2,0.44000000000000006,2.9,-1.105
minister,1.423214285714286,0.0,3.8,0.475,5.2,-1.423214285714286
minutes,1.2833333333333334,0.0,1.3,0.2166666666666667,5.0,-1.2833333333333334
mirror,1.7059027777777775,0.047619047619047616,2.4285714285714284,0.48571428571428565,3.7142857142857144,-1.7059027777777775
mixing,1.1473958333333332,0.0,3.1,0.5166666666666667,3.85,-1.1473958333333332
money,1.1479166666666667,0.2,1.8,0.45,3.0,-1.1479166666666667
monkey,1.3839285714285716,0.0,1.45,0.29,4.3,-1.3839285714285716
moon,1.482523148148148,0.05555555555555555,1.3888888888888888,0.4629629629629629,2.2222222222222223,-1.482523148148148
mop,1.246608709273183,0.05263157894736842,1.736842105263158,0.5789473684210527,2.526315789473684,-1.246608709273183
mosquito,0.910546875,0.15,4.7,0.5875,4.0,-0.910546875
moth,0.35307017543859653,0.6842105263157895,2.4210526315789473,0.8070175438596491,0.8421052631578947,-0.35307017543859653
mother,0.43083333333333335,0.6,4.1,0.82,1.2,-0.43083333333333335
motor,1.1498866213151928,0.14285714285714285,3.0952380952380953,0.5158730158730159,3.5238095238095237,-1.1498866213151928
motorcycle,1.6166614057239057,0.0,5.111111111111111,0.42592592592592593,9.833333333333334,-1.6166614057239057
mountain,1.2578125,0.05263157894736842,2.8947368421052633,0.41353383458646614,4.947368421052632,-1.2578125
mouse,0.5546522556390978,0.5789473684210527,3.1578947368421053,0.7894736842105263,1.8421052631578947,-0.5546522556390978
mouthwash,0.062003968253968283,0.9444444444444444,6.833333333333333,0.9761904761904763,0.2222222222222222,-0.062003968253968283
mug,1.9795634920634921,0.0,0.47619047619047616,0.15873015873015872,3.1904761904761907,-1.9795634920634921
mummy,1.4871456916099772,0.0,1.380952380952381,0.34523809523809523,3.6666666666666665,-1.4871456916099772
mushroom,1.2204861111111112,0.3333333333333333,2.9047619047619047,0.4841269841269841,4.095238095238095,-1.2204861111111112
must,0.9309375,0.1,2.5,0.625,2.5,-0.9309375
mustache,0.8104636591478697,0.21052631578947367,4.105263157894737,0.6842105263157895,3.1052631578947367,-0.8104636591478697
mustard,1.4135044642857144,0.05,2.7,0.3857142857142857,5.2,-1.4135044642857144
nail,1.4856907894736842,0.05263157894736842,1.0526315789473684,0.2631578947368421,3.789473684210526,-1.4856907894736842
neck,1.8264254385964913,0.0,0.6842105263157895,0.22807017543859648,3.1578947368421053,-1.8264254385964913
necklace,1.3796600877192984,0.0,2.210526315789474,0.3684210526315789,4.894736842105263,-1.3796600877192984
needle,1.7854947916666668,0.0,1.1,0.22000000000000003,5.35,-1.7854947916666668
needs,1.2984375,0.0,1.6,0.4,3.3,-1.2984375
net,1.5510487528344672,0.0,0.5714285714285714,0.19047619047619047,4.0,-1.5510487528344672
newspaper,1.049609375,0.3,4.85,0.5388888888888889,4.8,-1.049609375
nice,0.875,0.3,2.6,0.65,1.9,-0.875
no,0.7526041666666666,0.3,2.5,0.8333333333333333,0.9,-0.7526041666666666
nose,1.2603125,0.0,1.9,0.475,2.75,-1.2603125
notebook,1.0075187969924813,0.3684210526315789,3.3157894736842106,0.47368421052631576,4.0,-1.0075187969924813
nun,1.9279947916666669,0.0,0.3,0.1,4.45,-1.9279947916666669
nurse,1.5303125,0.05,1.85,0.4625,3.35,-1.5303125
nutcracker,1.457378472222222,0.0,3.7,0.4111111111111111,6.9,-1.457378472222222
octopus,1.507048872180451,0.05263157894736842,2.8947368421052633,0.41353383458646614,6.315789473684211,-1.507048872180451
office,0.25,0.8,3.6,0.9,0.5,-0.25
ok,0.22624999999999998,0.0,4.3,0.86,0.7,-0.22624999999999998
olive,0.5363095238095238,0.6666666666666666,3.0952380952380953,0.7738095238095238,1.7142857142857142,-0.5363095238095238
onion,1.5193139097744361,0.10526315789473684,1.894736842105263,0.37894736842105264,4.2105263157894735,-1.5193139097744361
opening,0.762468998015873,0.15,4.3,0.6142857142857142,3.05,-0.762468998015873
orange,0.8394010416666667,0.5,4.3,0.6142857142857142,3.15,-0.8394010416666667
ostrich,0.854610484544695,0.42105263157894735,5.631578947368421,0.7039473684210527,3.736842105263158,-0.854610484544695
owl,1.043204365079365,0.3333333333333333,2.0,0.6666666666666666,2.380952380952381,-1.043204365079365
package,1.0399801587301587,0.23809523809523808,4.095238095238095,0.5850340136054422,3.8095238095238093,-1.0399801587301587
paintbrush,0.8711805555555555,0.3,4.55,0.5055555555555555,4.65,-0.8711805555555555
painter,1.2181712962962963,0.05555555555555555,3.2222222222222223,0.46031746031746024,4.5,-1.2181712962962963
pan,1.2729745370370371,0.0,1.1111111111111112,0.37037037037037035,2.2777777777777777,-1.2729745370370371
pants,1.15625,0.0,2.15,0.43,3.6,-1.15625
paper,0.44236111111111115,0.7222222222222222,4.888888888888889,0.8148148148148148,1.2777777777777777,-0.44236111111111115
paperclip,0.7237268518518518,0.4444444444444444,6.833333333333333,0.6833333333333333,4.166666666666667,-0.7237268518518518
parachute,1.0736842105263158,0.3684210526315789,3.789473684210526,0.5413533834586466,4.157894736842105,-1.0736842105263158
passports,0.6730628654970761,0.05263157894736842,5.473684210526316,0.6842105263157895,4.2631578947368425,-0.6730628654970761
path,0.6946271929824562,0.15789473684210525,1.7894736842105263,0.5964912280701754,1.3157894736842106,-0.6946271929824562
paying,1.0968638392857144,0.0,2.3,0.45999999999999996,3.75,-1.0968638392857144
peacock,1.3445601851851852,0.1111111111111111,2.0555555555555554,0.41111111111111115,3.5555555555555554,-1.3445601851851852
peanut,1.3222135416666667,0.0,1.3,0.26,4.8,-1.3222135416666667
pear,0.4901864035087719,0.15789473684210525,2.0526315789473686,0.6842105263157895,1.631578947368421,-0.4901864035087719
peas,0.8035087719298245,0.0,1.263157894736842,0.42105263157894735,2.9473684210526314,-0.8035087719298245
peg,0.9846491228070174,0.0,0.3684210526315789,0.12280701754385963,3.3684210526315788,-0.9846491228070174
pen,1.4570023148148148,0.05555555555555555,0.3888888888888889,0.12962962962962962,3.2222222222222223,-1.4570023148148148
pencil,1.4194196428571428,0.1,1.8,0.3,5.1,-1.4194196428571428
penguin,1.4464285714285714,0.05,1.7,0.2428571428571428,6.2,-1.4464285714285714
penny,1.1916501322751323,0.0,1.2777777777777777,0.3194444444444444,3.9444444444444446,-1.1916501322751323
phone,0.1213235294117647,0.8235294117647058,3.7058823529411766,0.9264705882352942,0.29411764705882354,-0.1213235294117647
photograph,0.7079678362573099,0.47368421052631576,6.526315789473684,0.7251461988304094,3.8947368421052633,-0.7079678362573099
piano,1.4033854166666666,0.1,1.75,0.2916666666666667,4.65,-1.4033854166666666
pickles,1.3319444444444444,0.0,1.9,0.31666666666666665,4.8,-1.3319444444444444
picture,0.8145833333333333,0.35294117647058826,4.882352941176471,0.6102941176470589,3.235294117647059,-0.8145833333333333
pie,1.1966145833333335,0.0,0.4,0.13333333333333333,2.65,-1.1966145833333335
pig,1.2477678571428572,0.047619047619047616,0.7619047619047619,0.25396825396825395,2.761904761904762,-1.2477678571428572
pigeons,1.055999373433584,0.0,3.0526315789473686,0.3815789473684211,5.473684210526316,-1.055999373433584
pile,1.5179166666666668,0.0,1.0,0.25,4.2,-1.5179166666666668
pilgrim,1.3308531746031746,0.1111111111111111,2.6666666666666665,0.3809523809523809,5.166666666666667,-1.3308531746031746
pillow,0.3506944444444444,0.6666666666666666,4.055555555555555,0.8111111111111111,1.0,-0.3506944444444444
pilot,1.0241228070175439,0.0,2.0526315789473686,0.34210526315789475,4.684210526315789,-1.0241228070175439
pin,1.377467105263158,0.05263157894736842,0.7894736842105263,0.2631578947368421,2.8421052631578947,-1.377467105263158
pinching,1.2169270833333334,0.0,3.55,0.44375,5.1,-1.2169270833333334
pine,1.1240327380952382,0.0,1.15,0.2875,3.3,-1.1240327380952382
pineapple,0.5813687865497076,0.5263157894736842,5.842105263157895,0.7302631578947368,2.6842105263157894,-0.5813687865497076
pipe,0.9203656462585034,0.0,2.2857142857142856,0.5714285714285714,3.619047619047619,-0.9203656462585034
pirate,1.1895089285714284,0.0,1.9,0.3166666666666667,4.75,-1.1895089285714284
pizza,0.7286044973544974,0.5,3.4444444444444446,0.6888888888888889,2.2777777777777777,-0.7286044973544974
plane,1.2254166666666666,0.0,1.85,0.37,3.45,-1.2254166666666666
plant,1.1578221450617283,0.05555555555555555,1.9444444444444444,0.3888888888888889,3.9444444444444446,-1.1578221450617283
plate,1.098794642857143,0.05,1.9,0.38,3.75,-1.098794642857143
plug,1.3049342105263158,0.0,1.105263157894737,0.27631578947368424,3.4210526315789473,-1.3049342105263158
plum,1.22734375,0.1,1.75,0.4375,2.65,-1.22734375
plunger,1.3880208333333335,0.05,3.0,0.3333333333333333,6.55,-1.3880208333333335
pocket,1.2851041666666667,0.0,1.75,0.35,3.75,-1.2851041666666667
poking,1.135342261904762,0.0,2.35,0.39166666666666666,3.75,-1.135342261904762
popcorn,1.1828007518796995,0.15789473684210525,2.526315789473684,0.3609022556390977,5.105263157894737,-1.1828007518796995
porcupine,1.0298611111111111,0.2777777777777778,4.5,0.44999999999999996,6.166666666666667,-1.0298611111111111
pot,0.8706770833333334,0.1,1.25,0.41666666666666663,2.35,-0.8706770833333334
potato,0.323046875,0.7,6.65,0.83125,1.5,-0.323046875
praying,1.0911458333333335,0.1,2.45,0.4083333333333333,3.55,-1.0911458333333335
presenting,1.2399652777777779,0.05,3.55,0.39444444444444443,6.55,-1.2399652777777779
pretzel,0.9689625850340136,0.19047619047619047,3.3333333333333335,0.4761904761904761,4.238095238095238,-0.9689625850340136
priest,0.7292765022675737,0.09523809523809523,2.8095238095238093,0.5619047619047619,3.3333333333333335,-0.7292765022675737
printer,0.8047619047619048,0.25,4.35,0.6214285714285714,3.4,-0.8047619047619048
probably,0.44253472222222223,0.5,6.0,0.75,2.4,-0.44253472222222223
problem,0.8447544642857142,0.5,5.1,0.7285714285714285,3.1,-0.8447544642857142
public,1.0535714285714286,0.1,2.7,0.45,4.1,-1.0535714285714286
pumping,0.9171875,0.0,3.0,0.5,3.55,-0.9171875
pumpkin,0.9047619047619049,0.2222222222222222,3.0,0.42857142857142855,4.166666666666667,-0.9047619047619049
punching,1.3790922619047619,0.05,3.3,0.4125,5.3,-1.3790922619047619
purse,0.8754464285714285,0.2857142857142857,2.4761904761904763,0.6190476190476191,2.619047619047619,-0.8754464285714285
push,0.48864583333333333,0.5,2.1,0.7,2.2,-0.48864583333333333
pushing,0.9654910714285714,0.15,2.4,0.48,3.25,-0.9654910714285714
puzzle,1.2658333333333334,0.05,1.4,0.27999999999999997,4.8,-1.2658333333333334
pyramid,1.3369915674603174,0.05555555555555555,2.5,0.3571428571428571,5.5,-1.3369915674603174
queen,1.074363425925926,0.1111111111111111,1.7777777777777777,0.4444444444444444,2.888888888888889,-1.074363425925926
quite,1.3039285714285715,0.0,1.7,0.33999999999999997,3.9,-1.3039285714285715
rabbit,0.6855324074074074,0.2777777777777778,2.4444444444444446,0.48888888888888893,3.0555555555555554,-0.6855324074074074
raccoon,1.6421875000000001,0.05263157894736842,1.4210526315789473,0.28421052631578947,4.684210526315789,-1.6421875000000001
racket,1.4428683035714287,0.0,1.3,0.26,4.7,-1.4428683035714287
radio,1.274325135756057,0.0,2.4210526315789473,0.34586466165413526,5.105263157894737,-1.274325135756057
radish,1.3452380952380953,0.05,2.05,0.41000000000000003,4.2,-1.3452380952380953
rain,1.4523284313725489,0.0,1.6470588235294117,0.4117647058823529,3.2941176470588234,-1.4523284313725489
rainbow,1.1889508928571426,0.2,2.95,0.42142857142857143,5.2,-1.1889508928571426
raincoat,1.3669225146198831,0.0,3.1052631578947367,0.3881578947368421,6.315789473684211,-1.3669225146198831
rake,1.5126644736842105,0.0,1.368421052631579,0.34210526315789475,3.263157894736842,-1.5126644736842105
raspberry,1.1612327569916856,0.23809523809523808,3.2857142857142856,0.4693877551020408,5.380952380952381,-1.1612327569916856
razor,1.2416666666666667,0.17647058823529413,2.9411764705882355,0.4901960784313726,4.235294117647059,-1.2416666666666667
real,1.2451934523809522,0.0,1.0,0.3333333333333333,3.1,-1.2451934523809522
record,1.5331923558897242,0.10526315789473684,2.263157894736842,0.37719298245614036,4.631578947368421,-1.5331923558897242
refrigerator,1.0198116028708135,0.2631578947368421,8.894736842105264,0.5929824561403509,8.263157894736842,-1.0198116028708135
restaurant,1.2216922514619883,0.21052631578947367,4.631578947368421,0.5146198830409356,5.894736842105263,-1.2216922514619883
rice,0.9206696428571428,0.15,2.15,0.5375,2.9,-0.9206696428571428
ring,1.7770419973544973,0.0,0.5555555555555556,0.18518518518518517,4.777777777777778,-1.7770419973544973
river,1.068936011904762,0.25,3.3,0.6599999999999999,3.35,-1.068936011904762
road,0.7999451754385966,0.3157894736842105,2.6315789473684212,0.6578947368421053,2.526315789473684,-0.7999451754385966
robe,0.7221354166666666,0.1,2.25,0.5625,2.2,-0.7221354166666666
robot,0.8608330327080327,0.3888888888888889,3.7777777777777777,0.6296296296296297,3.1666666666666665,-0.8608330327080327
rock,1.5785879629629629,0.16666666666666666,1.6111111111111112,0.537037037037037,3.5,-1.5785879629629629
rocket,1.2142708333333334,0.1,2.35,0.47000000000000003,3.1,-1.2142708333333334
roof,1.0464442355889725,0.05263157894736842,1.9473684210526316,0.6491228070175438,2.8947368421052633,-1.0464442355889725
rooster,1.225973313966735,0.15789473684210525,3.4210526315789473,0.5701754385964912,4.2631578947368425,-1.225973313966735
roots,1.5559027777777776,0.047619047619047616,1.3333333333333333,0.3333333333333333,3.5714285714285716,-1.5559027777777776
rope,0.31221064814814814,0.7777777777777778,3.5,0.875,0.7777777777777778,-0.31221064814814814
rose,0.7291196741854636,0.10526315789473684,2.789473684210526,0.6973684210526315,2.526315789473684,-0.7291196741854636
rubbing,1.411283482142857,0.0,0.8,0.16,5.15,-1.411283482142857
ruler,1.4027943121693123,0.2222222222222222,2.7222222222222223,0.5444444444444445,3.1666666666666665,-1.4027943121693123
running,1.6662648809523808,0.0,0.9,0.18,4.8,-1.6662648809523808
saddle,1.3604166666666666,0.0,1.8333333333333333,0.3666666666666667,4.222222222222222,-1.3604166666666666
safe,0.8233630952380953,0.3684210526315789,2.3684210526315788,0.5921052631578947,2.526315789473684,-0.8233630952380953
said,0.985029761904762,0.0,1.3,0.4333333333333333,4.4,-0.985029761904762
sailor,1.030122180451128,0.10526315789473684,3.3157894736842106,0.5526315789473685,3.1578947368421053,-1.030122180451128
salad,0.28291294642857145,0.75,4.25,0.85,1.05,-0.28291294642857145
sandal,1.3066651002506267,0.0,2.1578947368421053,0.35964912280701755,4.7368421052631575,-1.3066651002506267
sandwich,0.5940600198412699,0.4444444444444444,6.388888888888889,0.7098765432098765,2.888888888888889,-0.5940600198412699
saw,0.9743749999999999,0.2,1.1,0.55,2.15,-0.9743749999999999
sawing,1.4995833333333333,0.0,1.15,0.2875,4.05,-1.4995833333333333
saxophone,0.6019270833333333,0.5,6.8,0.7555555555555555,3.3,-0.6019270833333333
saying,1.5627380952380954,0.0,1.5,0.3,4.7,-1.5627380952380954
says,1.0190178571428572,0.0,1.5,0.5,3.6,-1.0190178571428572
scale,0.9324999999999999,0.05,2.4,0.48,2.95,-0.9324999999999999
scarf,1.0671626984126985,0.14285714285714285,2.7142857142857144,0.5428571428571429,2.9523809523809526,-1.0671626984126985
scissors,0.8372284226190476,0.3,3.75,0.625,3.4,-0.8372284226190476
scorpion,1.3071180555555555,0.05263157894736842,2.8947368421052633,0.3618421052631579,5.7368421052631575,-1.3071180555555555
scream,1.084375,0.0,1.9,0.38,4.1,-1.084375
screw,1.1515104166666668,0.0,1.7,0.425,2.9,-1.1515104166666668
screwdriver,1.0715625,0.3,6.0,0.5454545454545454,6.05,-1.0715625
sea,0.9219791666666666,0.0,1.35,0.675,2.0,-0.9219791666666666
seagulls,1.3055555555555556,0.0,1.8333333333333333,0.3055555555555556,5.0,-1.3055555555555556
seahorse,0.5371197089947091,0.6666666666666666,4.722222222222222,0.787037037037037,2.0555555555555554,-0.5371197089947091
seal,1.0524479166666665,0.25,1.8,0.6,2.9,-1.0524479166666665
seen,1.3067708333333332,0.0,1.0,0.3333333333333333,3.1,-1.3067708333333332
seesaw,0.6182886904761904,0.45,2.8,0.7,2.25,-0.6182886904761904
sewing,1.2702343749999998,0.05,2.05,0.41,4.35,-1.2702343749999998
shapes,0.8579464285714286,0.1,2.9,0.58,3.5,-0.8579464285714286
shark,1.324345238095238,0.05,2.1,0.525,3.65,-1.324345238095238
shell,0.5482456140350876,0.47368421052631576,2.3684210526315788,0.7894736842105263,1.263157894736842,-0.5482456140350876
ship,0.4898574561403509,0.3684210526315789,2.473684210526316,0.8245614035087719,1.6842105263157894,-0.4898574561403509
shirt,0.92125,0.1,2.95,0.7375,3.25,-0.92125
shoe,0.4276041666666667,0.6,1.55,0.775,0.75,-0.4276041666666667
shoelace,1.367063492063492,0.14285714285714285,2.380952380952381,0.39682539682539686,4.523809523809524,-1.367063492063492
should,1.2591666666666668,0.0,0.8,0.26666666666666666,4.5,-1.2591666666666668
shovel,0.5982440476190477,0.4,3.3,0.66,2.35,-0.5982440476190477
shower,0.39808035714285717,0.7,4.0,0.8,1.2,-0.39808035714285717
shrimp,1.6369639475108222,0.05,1.85,0.37,5.95,-1.6369639475108222
since,0.974375,0.0,2.6,0.65,2.3,-0.974375
sink,1.5758333333333332,0.0,1.45,0.3625,3.35,-1.5758333333333332
six,0.6046875,0.3,3.1,0.775,1.7,-0.6046875
skateboard,1.0252192982456139,0.21052631578947367,4.473684210526316,0.4970760233918129,5.315789473684211,-1.0252192982456139
skeleton,0.952734375,0.05,4.15,0.51875,4.95,-0.952734375
skis,1.2652199074074073,0.0,1.4444444444444444,0.3611111111111111,3.611111111111111,-1.2652199074074073
skull,1.0522395833333333,0.1,1.75,0.4375,2.65,-1.0522395833333333
skunk,1.7051020408163264,0.0,1.3333333333333333,0.26666666666666666,4.476190476190476,-1.7051020408163264
slapping,1.3643973214285714,0.0,2.95,0.4916666666666667,4.65,-1.3643973214285714
sled,1.250109649122807,0.05263157894736842,1.5263157894736843,0.3815789473684211,3.8421052631578947,-1.250109649122807
sleeping,0.9239955357142857,0.15,3.3,0.55,3.45,-0.9239955357142857
sleepwalking,1.2288794191919192,0.2,4.4,0.4888888888888888,5.7,-1.2288794191919192
sleeve,0.8819000626566416,0.21052631578947367,2.5789473684210527,0.6447368421052632,2.5789473684210527,-0.8819000626566416
slide,1.1635964912280703,0.0,2.1578947368421053,0.4315789473684211,3.263157894736842,-1.1635964912280703
sliding,1.3610987103174603,0.0,2.15,0.3071428571428571,5.65,-1.3610987103174603
slingshot,1.488250248015873,0.05,2.75,0.3928571428571428,6.15,-1.488250248015873
slinky,1.4199561403508774,0.0,1.9473684210526316,0.32456140350877194,4.526315789473684,-1.4199561403508774
slipper,1.2303199404761904,0.0,2.7777777777777777,0.462962962962963,4.555555555555555,-1.2303199404761904
smoke,1.3982969576719575,0.16666666666666666,2.5,0.5,4.666666666666667,-1.3982969576719575
snail,0.9328164160401001,0.05263157894736842,2.6315789473684212,0.5263157894736842,2.9473684210526314,-0.9328164160401001
snake,1.1526315789473685,0.05263157894736842,2.3684210526315788,0.47368421052631576,2.8421052631578947,-1.1526315789473685
snowflake,0.8657407407407408,0.2777777777777778,4.833333333333333,0.537037037037037,4.5,-0.8657407407407408
snowman,1.3582589285714286,0.14285714285714285,2.5238095238095237,0.3605442176870748,5.0,-1.3582589285714286
sock,0.8686979166666667,0.1,1.9,0.6333333333333333,2.2,-0.8686979166666667
sofa,0.611953125,0.5,3.45,0.6900000000000001,2.4,-0.611953125
some,1.2776562500000002,0.0,1.2,0.39999999999999997,4.0,-1.2776562500000002
sorry,0.5491666666666666,0.6,2.7,0.675,1.9,-0.5491666666666666
soup,0.4899122807017544,0.3684210526315789,2.6842105263157894,0.8947368421052632,1.631578947368421,-0.4899122807017544
sow,0.942687074829932,0.0,2.2857142857142856,0.7619047619047619,2.7142857142857144,-0.942687074829932
spaghetti,1.3142622180451127,0.10526315789473684,2.9473684210526314,0.42105263157894735,5.0,-1.3142622180451127
spatula,1.2244125939849624,0.10526315789473684,4.684210526315789,0.52046783625731,5.7894736842105265,-1.2244125939849624
speaker,1.3298660714285715,0.0,2.4,0.4,4.25,-1.3298660714285715
spear,1.6865079365079363,0.047619047619047616,1.9523809523809523,0.4880952380952381,4.333333333333333,-1.6865079365079363
spider,0.9977286967418546,0.15789473684210525,3.6842105263157894,0.5263157894736842,3.6842105263157894,-0.9977286967418546
sponge,1.3817566609977323,0.14285714285714285,2.380952380952381,0.3401360544217687,5.285714285714286,-1.3817566609977323
spoon,1.0560119047619048,0.35,2.15,0.5375,2.45,-1.0560119047619048
spot,1.0294866071428572,0.05,2.5,0.625,3.45,-1.0294866071428572
springs,1.0993107769423558,0.0,2.9473684210526314,0.4912280701754386,4.315789473684211,-1.0993107769423558
square,0.788984375,0.15,3.1,0.62,2.4,-0.788984375
squirrel,1.289360119047619,0.1,2.95,0.4214285714285714,4.55,-1.289360119047619
stadium,1.3500180288461539,0.0,2.8,0.35,6.55,-1.3500180288461539
stage,0.9684040178571429,0.15,3.7,0.5285714285714286,4.25,-0.9684040178571429
stamp,1.268125,0.0,2.9,0.58,5.15,-1.268125
stapler,0.9458732057416268,0.2631578947368421,4.7368421052631575,0.5263157894736842,5.0,-0.9458732057416268
staples,0.8974826388888889,0.2,4.5,0.5625,4.3,-0.8974826388888889
star,0.9435763888888888,0.2222222222222222,2.611111111111111,0.6527777777777778,2.5,-0.9435763888888888
started,1.2776785714285714,0.0,3.3,0.47142857142857136,5.8,-1.2776785714285714
statue,0.9539322916666666,0.25,4.2,0.6,3.95,-0.9539322916666666
steak,1.035218253968254,0.09523809523809523,2.761904761904762,0.5523809523809524,2.6666666666666665,-1.035218253968254
stem,1.0370833333333334,0.05,2.15,0.5375,2.25,-1.0370833333333334
stethoscope,0.9728125000000001,0.2,5.85,0.585,5.5,-0.9728125000000001
stirrup,1.0977237654320988,0.05555555555555555,3.5,0.5833333333333334,4.277777777777778,-1.0977237654320988
stocking,1.459036044973545,0.0,2.388888888888889,0.39814814814814814,5.333333333333333,-1.459036044973545
stomach,1.4523809523809523,0.0,1.5555555555555556,0.2592592592592593,5.0,-1.4523809523809523
stool,0.8916815476190477,0.15,2.35,0.5875,2.25,-0.8916815476190477
stop,0.6430580357142857,0.3,2.95,0.7375,2.15,-0.6430580357142857
straw,1.6684594671201813,0.0,1.7619047619047619,0.44047619047619047,4.190476190476191,-1.6684594671201813
strawberry,0.73515625,0.55,5.5,0.6875,3.35,-0.73515625
stroller,1.371875,0.05,3.8,0.475,5.4,-1.371875
submarine,1.4157366071428572,0.0,2.7,0.3375,6.25,-1.4157366071428572
such,0.6934374999999999,0.1,3.5,0.7,2.2,-0.6934374999999999
sugar,1.6820540935672514,0.05263157894736842,2.0,0.4,4.7368421052631575,-1.6820540935672514
suit,1.2279315476190475,0.0,1.75,0.5833333333333333,3.6,-1.2279315476190475
sun,1.21484375,0.0,1.1666666666666667,0.3888888888888889,3.3333333333333335,-1.21484375
sunflower,0.4152960526315789,0.631578947368421,7.105263157894737,0.7894736842105263,2.0,-0.4152960526315789
sunglasses,1.0765716374269005,0.21052631578947367,4.578947368421052,0.5087719298245613,5.578947368421052,-1.0765716374269005
sushi,1.3185243055555556,0.0,1.7,0.425,4.5,-1.3185243055555556
suspenders,1.0880847953216375,0.10526315789473684,5.0,0.5,6.368421052631579,-1.0880847953216375
swan,1.0,0.29411764705882354,2.411764705882353,0.6029411764705882,2.411764705882353,-1.0
sweater,0.5220734126984127,0.5555555555555556,4.722222222222222,0.787037037037037,1.7222222222222223,-0.5220734126984127
sweating,0.9409023268398269,0.0,3.1,0.5166666666666666,3.75,-0.9409023268398269
sword,0.994016290726817,0.10526315789473684,2.0526315789473686,0.5131578947368421,3.263157894736842,-0.994016290726817
syringe,1.339344454887218,0.0,3.210526315789474,0.40131578947368424,5.684210526315789,-1.339344454887218
syrup,1.1048532790309107,0.21052631578947367,3.0526315789473686,0.6105263157894737,4.105263157894737,-1.1048532790309107
table,0.8759300595238095,0.15,2.9,0.4833333333333333,3.85,-0.8759300595238095
taken,1.3239583333333333,0.0,2.3,0.3833333333333333,4.4,-1.3239583333333333
taking,1.3260416666666666,0.0,2.7,0.45,4.2,-1.3260416666666666
talking,0.9960416666666667,0.25,2.25,0.45,3.35,-0.9960416666666667
tambourine,1.436744142101285,0.047619047619047616,2.5714285714285716,0.32142857142857145,6.857142857142857,-1.436744142101285
tank,1.5577380952380953,0.09523809523809523,1.2857142857142858,0.32142857142857145,3.238095238095238,-1.5577380952380953
tape,0.7904687499999999,0.25,2.45,0.6125,2.15,-0.7904687499999999
target,0.9325810185185185,0.16666666666666666,3.5555555555555554,0.5925925925925926,3.888888888888889,-0.9325810185185185
teacher,1.046875,0.10526315789473684,3.8421052631578947,0.5488721804511277,4.2105263157894735,-1.046875
team,0.6105208333333333,0.2,1.9,0.6333333333333333,1.6,-0.6105208333333333
teapot,1.0775545634920636,0.16666666666666666,2.4444444444444446,0.48888888888888893,4.777777777777778,-1.0775545634920636
tear,0.8740131578947368,0.15789473684210525,1.4736842105263157,0.4912280701754385,2.6842105263157894,-0.8740131578947368
tearing,1.1959970238095239,0.0,1.95,0.39,4.1,-1.1959970238095239
teepee,0.9089755639097744,0.21052631578947367,2.6315789473684212,0.6578947368421053,3.1578947368421053,-0.9089755639097744
telephone,0.7969704861111111,0.15,5.15,0.64375,3.6,-0.7969704861111111
telescope,1.210648148148148,0.16666666666666666,4.611111111111111,0.5123456790123456,5.833333333333333,-1.210648148148148
tennis,1.2942294973544974,0.0,2.2777777777777777,0.4555555555555555,3.8333333333333335,-1.2942294973544974
tent,1.5082638888888888,0.0,1.65,0.4125,4.2,-1.5082638888888888
thanks,0.36,0.7,3.8,0.76,1.2,-0.36
thermometer,0.7498303345959596,0.45,7.35,0.735,3.9,-0.7498303345959596
thermos,0.7312227182539683,0.45,4.4,0.7333333333333333,2.5,-0.7312227182539683
thimble,1.085590277777778,0.2,3.15,0.525,3.5,-1.085590277777778
thin,1.446593045112782,0.05263157894736842,0.9473684210526315,0.3157894736842105,3.736842105263158,-1.446593045112782
things,1.3287499999999999,0.0,0.8,0.2,3.6,-1.3287499999999999
thought,0.890625,0.2,2.1,0.7,1.7,-0.890625
three,0.7182291666666667,0.5,2.1,0.7,1.7,-0.7182291666666667
through,0.6458333333333333,0.6,2.4,0.8,1.1,-0.6458333333333333
throwing,0.8701388888888889,0.3,3.85,0.6416666666666667,2.95,-0.8701388888888889
thumb,1.2175099206349205,0.19047619047619047,1.5714285714285714,0.5238095238095238,2.0476190476190474,-1.2175099206349205
ticket,1.5732142857142857,0.0,1.380952380952381,0.2761904761904762,4.666666666666667,-1.5732142857142857
tie,0.99453125,0.15,1.85,0.6166666666666666,1.6,-0.99453125
tiger,1.0105263157894737,0.21052631578947367,3.473684210526316,0.5789473684210527,2.8421052631578947,-1.0105263157894737
tile,1.4201388888888888,0.1111111111111111,1.7222222222222223,0.4305555555555556,3.7222222222222223,-1.4201388888888888
time,0.6776315789473685,0.47368421052631576,2.5789473684210527,0.6447368421052632,1.631578947368421,-0.6776315789473685
times,1.00203125,0.2,2.2,0.44000000000000006,3.2,-1.00203125
tire,1.1052083333333333,0.0,3.0,0.6,2.75,-1.1052083333333333
toast,0.7896290204678362,0.3684210526315789,3.8421052631578947,0.7684210526315789,2.9473684210526314,-0.7896290204678362
toaster,1.101860119047619,0.2,3.95,0.5642857142857143,4.0,-1.101860119047619
today,0.7324107142857142,0.1,3.6,0.72,3.9,-0.7324107142857142
toes,0.9054563492063492,0.0,2.0476190476190474,0.5119047619047619,2.8095238095238093,-0.9054563492063492
toilet,1.1511591478696743,0.05263157894736842,2.4210526315789473,0.40350877192982454,4.368421052631579,-1.1511591478696743
told,0.725,0.1,2.7,0.54,2.7,-0.725
tomato,1.0233004385964912,0.2631578947368421,3.8421052631578947,0.48026315789473684,4.842105263157895,-1.0233004385964912
tongue,1.6102595899470902,0.0,0.5,0.16666666666666666,4.333333333333333,-1.6102595899470902
tonight,1.3322916666666669,0.1,2.9,0.4833333333333333,4.4,-1.3322916666666669
took,1.19875,0.1,1.1,0.36666666666666664,3.4,-1.19875
tooth,1.7017361111111111,0.047619047619047616,0.8095238095238095,0.2698412698412698,3.761904761904762,-1.7017361111111111
toothbrush,1.13531037414966,0.23809523809523808,3.380952380952381,0.48299319727891155,4.380952380952381,-1.13531037414966
toothpaste,0.8626644736842105,0.42105263157894735,4.947368421052632,0.618421052631579,4.052631578947368,-0.8626644736842105
toothpick,0.6493055555555556,0.3333333333333333,4.277777777777778,0.7129629629629629,2.4444444444444446,-0.6493055555555556
top,0.9520206766917293,0.0,2.0526315789473686,0.6842105263157895,3.3684210526315788,-0.9520206766917293
torch,1.3142410714285715,0.05,3.0,0.5,4.65,-1.3142410714285715
tornado,1.0641339869281046,0.23529411764705882,4.0,0.4444444444444444,5.588235294117647,-1.0641339869281046
towel,0.6659722222222222,0.45,3.5,0.7,2.0,-0.6659722222222222
tower,0.5409375,0.25,3.7,0.74,1.7,-0.5409375
tractor,1.136607142857143,0.1,4.35,0.6214285714285714,4.85,-1.136607142857143
train,0.8975877192982457,0.3684210526315789,3.210526315789474,0.6421052631578948,2.3684210526315788,-0.8975877192982457
treadmill,1.400974025974026,0.045454545454545456,2.3636363636363638,0.3376623376623376,5.863636363636363,-1.400974025974026
tree,0.7612390350877193,0.47368421052631576,2.3684210526315788,0.7894736842105263,1.9473684210526316,-0.7612390350877193
triangle,0.9363425925925927,0.3333333333333333,5.222222222222222,0.5802469135802469,4.666666666666667,-0.9363425925925927
trophy,0.9139508928571429,0.3,3.05,0.5083333333333334,3.45,-0.9139508928571429
truck,1.17890625,0.1,2.05,0.5125,3.25,-1.17890625
trumpet,0.9114307760141094,0.2777777777777778,4.222222222222222,0.6031746031746031,3.8333333333333335,-0.9114307760141094
trunk,1.3233965773809524,0.0,2.15,0.43,3.8,-1.3233965773809524
trying,0.8848958333333334,0.2,3.4,0.5666666666666667,2.9,-0.8848958333333334
tunnel,1.7931795634920635,0.0,1.1904761904761905,0.23809523809523808,5.238095238095238,-1.7931795634920635
turkey,1.2357638888888889,0.14285714285714285,2.4761904761904763,0.49523809523809526,3.2857142857142856,-1.2357638888888889
turning,1.5626004464285714,0.0,2.15,0.35833333333333334,5.2,-1.5626004464285714
turtle,1.4038194444444445,0.05555555555555555,2.5,0.4166666666666667,4.5,-1.4038194444444445
tv,1.3561979166666667,0.15,1.1,0.55,3.7,-1.3561979166666667
tweezers,1.254451232247285,0.0,3.0526315789473686,0.4360902255639097,5.842105263157895,-1.254451232247285
twins,1.1454315476190478,0.0,2.15,0.43,3.8,-1.1454315476190478
two,0.890625,0.2,1.3,0.65,1.4,-0.890625
typewriter,1.0732323232323233,0.2727272727272727,5.363636363636363,0.5363636363636364,5.909090909090909,-1.0732323232323233
typing,1.141703869047619,0.0,2.15,0.35833333333333334,4.5,-1.141703869047619
umbrella,0.7610057043650793,0.45,4.85,0.6928571428571428,3.5,-0.7610057043650793
under,1.214970238095238,0.1,2.1,0.42000000000000004,4.8,-1.214970238095238
underpants,1.3238968633705477,0.10526315789473684,4.0,0.39999999999999997,7.684210526315789,-1.3238968633705477
underwear,1.2113839285714287,0.3,4.4,0.55,4.95,-1.2113839285714287
unicorn,1.458029513888889,0.05,2.8,0.35,6.3,-1.458029513888889
unicycle,1.6444477671451356,0.05263157894736842,3.3157894736842106,0.3684210526315789,7.7894736842105265,-1.6444477671451356
used,1.1278124999999999,0.1,1.8,0.45,2.8,-1.1278124999999999
vaccine,1.0920399958228906,0.05263157894736842,2.526315789473684,0.42105263157894735,4.894736842105263,-1.0920399958228906
vacuum,0.5815972222222222,0.5,4.166666666666667,0.6944444444444444,2.0,-0.5815972222222222
van,1.0952850877192981,0.0,0.631578947368421,0.21052631578947367,3.263157894736842,-1.0952850877192981
vase,0.8712797619047619,0.0,1.9,0.475,3.2,-0.8712797619047619
vegetables,1.1979897660818712,0.2631578947368421,4.473684210526316,0.4066985645933014,7.578947368421052,-1.1979897660818712
vest,0.7921626984126984,0.0,1.6666666666666667,0.4166666666666667,3.6666666666666665,-0.7921626984126984
violin,1.1433270676691731,0.05263157894736842,2.473684210526316,0.3533834586466165,5.368421052631579,-1.1433270676691731
volcano,1.3595833333333334,0.15,2.8,0.3111111111111111,7.2,-1.3595833333333334
waffle,0.720713458994709,0.5555555555555556,3.4444444444444446,0.6888888888888889,2.111111111111111,-0.720713458994709
waiter,0.8051535087719298,0.10526315789473684,3.526315789473684,0.587719298245614,2.6315789473684212,-0.8051535087719298
waitress,1.119047619047619,0.05555555555555555,2.6666666666666665,0.3809523809523809,5.555555555555555,-1.119047619047619
walker,0.6702302631578947,0.0,3.789473684210526,0.7578947368421053,1.4210526315789473,-0.6702302631578947
walking,0.9455505952380951,0.25,2.7,0.54,2.6,-0.9455505952380951
wall,0.34635416666666663,0.7777777777777778,2.6666666666666665,0.8888888888888888,0.4444444444444444,-0.34635416666666663
wallet,0.7342927631578948,0.3684210526315789,3.3684210526315788,0.6736842105263158,2.5789473684210527,-0.7342927631578948
walrus,1.0413533834586468,0.2631578947368421,3.1578947368421053,0.5263157894736842,3.4210526315789473,-1.0413533834586468
wanted,0.8610119047619047,0.2,3.3,0.55,2.9,-0.8610119047619047
was,0.8744791666666666,0.0,1.3,0.4333333333333333,2.6,-0.8744791666666666
wash,0.3765625,0.4,2.8,0.9333333333333333,1.4,-0.3765625
washing,0.5785528273809524,0.5,3.8,0.76,1.8,-0.5785528273809524
watch,0.4853801169590643,0.42105263157894735,3.9473684210526314,0.7894736842105263,1.7894736842105263,-0.4853801169590643
watching,0.7575000000000001,0.15,4.3,0.6142857142857142,2.75,-0.7575000000000001
waterfall,0.6484552154195011,0.5714285714285714,5.9523809523809526,0.7440476190476191,2.7142857142857144,-0.6484552154195011
watering,0.7193452380952381,0.2,4.7,0.6714285714285715,2.6,-0.7193452380952381
watermelon,0.5380366161616161,0.55,7.6,0.76,2.8,-0.5380366161616161
wave,0.6803745039682539,0.3,2.4,0.6,2.65,-0.6803745039682539
waving,1.2214037698412699,0.05,2.1,0.35,5.15,-1.2214037698412699
weed,0.8189696712018142,0.14285714285714285,1.7619047619047619,0.5873015873015872,2.619047619047619,-0.8189696712018142
welcome,0.9328125,0.3,3.4,0.5666666666666667,3.4,-0.9328125
well,0.7940393518518518,0.3333333333333333,2.0555555555555554,0.6851851851851851,1.5,-0.7940393518518518
went,0.753125,0.1,2.4,0.6,1.6,-0.753125
were,0.5857142857142856,0.2,2.8,0.9333333333333333,1.3,-0.5857142857142856
whale,0.7071078431372548,0.35294117647058826,2.764705882352941,0.6911764705882353,2.0588235294117645,-0.7071078431372548
what,0.7730208333333334,0.2,2.0,0.6666666666666666,2.6,-0.7730208333333334
wheel,1.036111111111111,0.09523809523809523,1.4285714285714286,0.47619047619047616,2.380952380952381,-1.036111111111111
wheelbarrow,1.1252810846560846,0.23809523809523808,4.666666666666667,0.5833333333333334,5.0,-1.1252810846560846
wheelchair,1.3700810185185184,0.1111111111111111,3.6666666666666665,0.4583333333333333,5.666666666666667,-1.3700810185185184
whip,0.6653704573934837,0.3157894736842105,2.3684210526315788,0.7894736842105263,2.263157894736842,-0.6653704573934837
whipping,1.023139880952381,0.15,2.8,0.5599999999999999,3.15,-1.023139880952381
whistle,0.9327380952380951,0.23809523809523808,2.761904761904762,0.5523809523809524,2.857142857142857,-0.9327380952380951
wig,1.3444270833333334,0.0,1.05,0.35,3.2,-1.3444270833333334
will,0.3042708333333333,0.4,2.5,0.8333333333333333,1.1,-0.3042708333333333
windmill,1.2114465852130327,0.10526315789473684,3.5789473684210527,0.5112781954887218,4.947368421052632,-1.2114465852130327
window,0.3158110119047619,0.65,5.2,0.8666666666666666,1.1,-0.3158110119047619
wine,0.991875,0.15,2.2,0.55,2.35,-0.991875
wing,1.2365104166666667,0.1,1.3,0.4333333333333333,2.45,-1.2365104166666667
witch,0.5083912037037037,0.3333333333333333,3.6666666666666665,0.7333333333333333,1.7777777777777777,-0.5083912037037037
without,0.14583333333333331,0.9,5.7,0.95,0.4,-0.14583333333333331
wolf,0.5110416666666666,0.7,3.15,0.7875,1.15,-0.5110416666666666
woman,0.28,0.8,4.4,0.8800000000000001,0.8,-0.28
woodpecker,0.932016093474427,0.2777777777777778,4.611111111111111,0.5763888888888888,4.0,-0.932016093474427
working,1.1331250000000002,0.2,2.9,0.4833333333333333,3.7,-1.1331250000000002
worm,0.7390625,0.35,3.05,0.7625,1.65,-0.7390625
would,0.9401041666666666,0.0,1.1,0.36666666666666664,3.3,-0.9401041666666666
wrapping,1.0133854166666667,0.2,2.35,0.47000000000000003,3.55,-1.0133854166666667
wreath,1.2990364583333334,0.0,0.6,0.19999999999999998,3.9,-1.2990364583333334
wrench,1.2746788847117796,0.10526315789473684,2.789473684210526,0.46491228070175444,3.9473684210526314,-1.2746788847117796
wrist,1.3201232247284878,0.10526315789473684,1.7894736842105263,0.4473684210526316,3.5789473684210527,-1.3201232247284878
writing,1.2686011904761905,0.0,2.15,0.35833333333333334,4.95,-1.2686011904761905
wrong,0.9181250000000001,0.5,1.9,0.6333333333333333,1.7,-0.9181250000000001
xylophone,0.8304513888888888,0.05,4.85,0.538888888888889,4.8,-0.8304513888888888
yarn,2.0279135338345866,0.0,1.105263157894737,0.27631578947368424,3.473684210526316,-2.0279135338345866
years,1.3128125000000002,0.0,1.8,0.45,2.8,-1.3128125000000002
yes,0.9979166666666668,0.4,1.8,0.6,2.7,-0.9979166666666668
yoyo,1.4208370535714285,0.05,2.8,0.5599999999999999,3.6,-1.4208370535714285
zebra,1.121076127819549,0.15789473684210525,1.7894736842105263,0.35789473684210527,4.2631578947368425,-1.121076127819549
zipper,0.7852913533834587,0.2631578947368421,2.6315789473684212,0.5263157894736842,3.0526315789473686,-0.7852913533834587
zipping,0.9521875,0.05,2.3,0.45999999999999996,4.0,-0.9521875
