WPS,WVS,WER,CER,BertScore,SemanticSimilarity
1.0,1.0,0.0,0.0,1.0,1.0
1.0,1.0,0.0,0.0,0.9999999403953552,1.0
1.0,1.0,0.0,0.0,1.0,1.0
1.0,1.0,0.0,0.0,1.0,1.0
1.0,1.0,0.0,0.0,1.000000238418579,1.0000001192092896
1.0,1.0,0.0,0.0,1.0,1.0
1.0,1.0,0.0,0.0,1.0,1.0000001192092896
1.0,1.0,0.0,0.0,1.0,1.0
0.9878048780487805,0.9878048780487805,0.125,0.010526315789473684,0.9899571537971497,0.9374947547912598
1.0,1.0,0.0,0.0,1.0000001192092896,1.0
1.0,1.0,0.0,0.0,1.0,1.0
1.0,1.0,0.0,0.0,1.0,1.0
1.0,1.0,0.0,0.0,1.0,1.0000001192092896
1.0,1.0,0.0,0.0,1.0,1.0
1.0,1.0,0.0,0.0,1.0,1.0000001192092896
1.0,1.0,0.0,0.0,1.0,1.0
1.0,1.0,0.0,0.0,1.0000001192092896,1.0
1.0,1.0,0.0,0.0,0.9999998807907104,1.0000001192092896
1.0,1.0,0.0,0.0,1.0000001192092896,1.0
1.0,1.0,0.0,0.0,1.0,1.0000001192092896
1.0,1.0,0.0,0.0,1.0,1.0000001192092896
1.0,1.0,0.0,0.0,0.9999998807907104,1.0
1.0,1.0,0.0,0.0,0.9999999403953552,1.0
1.0,1.0,0.0,0.0,1.0,1.0000001192092896
1.0,1.0,0.0,0.0,1.0000001192092896,1.0
1.0,1.0,0.0,0.0,0.9999999403953552,1.0000001192092896
1.0,1.0,0.0,0.0,0.9999999403953552,1.0
1.0,1.0,0.0,0.0,1.000000238418579,1.0000001192092896
1.0,1.0,0.0,0.0,1.0,1.0000001192092896
1.0,1.0,0.0,0.0,1.0000001192092896,1.0000001192092896
1.0,1.0,0.0,0.0,1.0,1.0
1.0,1.0,0.0,0.0,1.0000001192092896,1.0000001192092896
1.0,1.0,0.0,0.0,0.9999999403953552,1.0000001192092896
1.0,1.0,0.0,0.0,0.9999999403953552,1.0
1.0,1.0,0.0,0.0,1.0,1.0000001192092896
1.0,1.0,0.0,0.0,1.0,1.0000001192092896
0.979235598342446,0.9792406411039545,0.09090909090909091,0.025,0.980120062828064,0.9953300356864929
1.0,1.0,0.0,0.0,0.9999998807907104,1.0000001192092896
1.0,1.0,0.0,0.0,0.9999998211860657,1.0000001192092896
1.0,1.0,0.0,0.0,1.000000238418579,1.0
1.0,1.0,0.0,0.0,1.0,1.0000001192092896
1.0,1.0,0.0,0.0,0.9999998807907104,1.0000001192092896
1.0,1.0,0.0,0.0,1.0000001192092896,1.0000001192092896
1.0,1.0,0.0,0.0,0.9999998807907104,1.0
1.0,1.0,0.0,0.0,1.0000001192092896,1.0
0.9310344827586207,0.9310344827586207,0.11764705882352941,0.09,0.97913658618927,0.986753523349762
1.0,1.0,0.0,0.0,1.0,1.0000001192092896
0.9996504280560798,0.9988488569749877,0.0625,0.010638297872340425,0.9816992878913879,0.9588514566421509
1.0,1.0,0.0,0.0,1.0,1.0
1.0,1.0,0.0,0.0,1.0000001192092896,1.0
1.0,1.0,0.0,0.0,0.9999999403953552,1.0
1.0,1.0,0.0,0.0,1.0,1.0
1.0,1.0,0.0,0.0,0.9999999403953552,1.0000001192092896
0.9897959183673469,0.9897959183673469,0.11764705882352941,0.00909090909090909,0.9789124131202698,0.9468619227409363
1.0,1.0,0.0,0.0,0.9999998807907104,1.0000001192092896
1.0,1.0,0.0,0.0,0.9999998807907104,1.0
0.9846153846153847,0.9846153846153847,0.06666666666666667,0.012658227848101266,0.9755277633666992,0.7297126054763794
1.0,1.0,0.0,0.0,1.0,1.0000001192092896
1.0,1.0,0.0,0.0,1.0,1.0000001192092896
1.0,1.0,0.0,0.0,1.0,1.0
1.0,1.0,0.0,0.0,0.9999998807907104,1.0
1.0,1.0,0.0,0.0,1.0,1.0000001192092896
1.0,1.0,0.0,0.0,1.0,1.0
1.0,1.0,0.0,0.0,1.0000001192092896,1.0
1.0,1.0,0.0,0.0,1.0000001192092896,1.0000001192092896
1.0,1.0,0.0,0.0,1.000000238418579,1.0000001192092896
1.0,1.0,0.0,0.0,1.0000001192092896,1.0
1.0,1.0,0.0,0.0,1.0,1.0
1.0,1.0,0.0,0.0,1.000000238418579,1.0000001192092896
1.0,1.0,0.0,0.0,0.9999998211860657,1.0000001192092896
1.0,1.0,0.0,0.0,0.9999999403953552,1.0
1.0,1.0,0.0,0.0,0.9999997615814209,1.0000001192092896
0.8813559322033898,0.8813559322033898,0.1,0.14035087719298245,0.9729596376419067,0.9152641296386719
1.0,1.0,0.0,0.0,1.0,1.0
1.0,1.0,0.0,0.0,0.9999999403953552,1.0
0.9651162790697675,0.9651162790697675,0.05,0.029411764705882353,0.9710033535957336,0.9757422208786011
1.0,1.0,0.0,0.0,1.0000001192092896,1.0
1.0,1.0,0.0,0.0,0.9999999403953552,1.0
1.0,1.0,0.0,0.0,1.0,1.0000001192092896
1.0,1.0,0.0,0.0,1.0,1.0000001192092896
1.0,1.0,0.0,0.0,1.0,1.0000001192092896
1.0,1.0,0.0,0.0,0.9999999403953552,1.0
1.0,1.0,0.0,0.0,0.9999998807907104,1.0
1.0,1.0,0.0,0.0,0.9999999403953552,1.0
1.0,1.0,0.0,0.0,1.0,1.0
1.0,1.0,0.0,0.0,1.0000001192092896,1.0000001192092896
1.0,1.0,0.0,0.0,1.0,1.0
1.0,1.0,0.0,0.0,1.0000001192092896,1.0000001192092896
0.9984796381967602,0.9980507485302397,0.0625,0.03896103896103896,0.9621504545211792,0.8125311732292175
1.0,1.0,0.0,0.0,1.0,1.0
1.0,1.0,0.0,0.0,1.000000238418579,1.0
1.0,1.0,0.0,0.0,0.9999998807907104,1.0
1.0,1.0,0.0,0.0,0.9999998807907104,1.0
1.0,1.0,0.0,0.0,1.000000238418579,1.0
1.0,1.0,0.0,0.0,1.0,1.0
1.0,1.0,0.0,0.0,1.0000001192092896,1.0
1.0,1.0,0.0,0.0,0.9999999403953552,1.0
1.0,1.0,0.0,0.0,1.0000001192092896,1.0
1.0,1.0,0.0,0.0,1.000000238418579,1.0
1.0,1.0,0.0,0.0,1.0,1.0
1.0,1.0,0.0,0.0,0.9999998807907104,1.0
1.0,1.0,0.0,0.0,1.000000238418579,1.0
1.0,1.0,0.0,0.0,1.0,1.0000001192092896
1.0,1.0,0.0,0.0,1.0,1.0
1.0,1.0,0.0,0.0,1.0,1.0
1.0,1.0,0.05555555555555555,0.05,0.9830235242843628,0.9219449758529663
0.9473684210526316,0.9473684210526316,0.0625,0.05952380952380952,0.9933871626853943,0.9950366616249084
1.0,1.0,0.0,0.0,1.0000001192092896,1.0000001192092896
1.0,1.0,0.0,0.0,1.0,1.0
1.0,1.0,0.0,0.0,1.0000001192092896,1.0
1.0,1.0,0.0,0.0,1.0,1.0
1.0,1.0,0.0,0.0,0.9999998807907104,1.0
1.0,1.0,0.0,0.0,0.9999998807907104,1.0
1.0,1.0,0.0,0.0,0.9999999403953552,1.0000001192092896
1.0,1.0,0.0,0.0,1.0,1.0
1.0,1.0,0.0,0.0,1.0,1.0
1.0,1.0,0.0,0.0,1.0,1.0
1.0,1.0,0.0,0.0,0.9999997615814209,1.0000001192092896
1.0,1.0,0.0,0.0,0.9999998807907104,1.0
1.0,1.0,0.0,0.0,0.9999998807907104,1.0
1.0,1.0,0.0,0.0,0.9999998807907104,1.0
1.0,1.0,0.0,0.0,1.0000001192092896,1.0000001192092896
0.9594594594594594,0.9594594594594594,0.07692307692307693,0.0379746835443038,0.987894594669342,0.9954038262367249
1.0,1.0,0.0,0.0,0.9999998211860657,1.0000001192092896
1.0,1.0,0.0,0.0,1.0,1.0
1.0,1.0,0.0,0.0,1.0,1.0
1.0,1.0,0.0,0.0,0.9999999403953552,1.0
1.0,1.0,0.0,0.0,1.0000001192092896,1.0
1.0,1.0,0.0,0.0,1.0000001192092896,1.0
1.0,1.0,0.0,0.0,0.9999998807907104,1.0000001192092896
1.0,1.0,0.0,0.0,0.9999999403953552,1.0
1.0,1.0,0.0,0.0,0.9999998807907104,1.0000001192092896
1.0,1.0,0.0,0.0,0.9999998807907104,1.0
1.0,1.0,0.0,0.0,1.0,1.0
1.0,1.0,0.0,0.0,0.9999998807907104,1.0
1.0,1.0,0.0,0.0,1.0,1.0000001192092896
1.0,1.0,0.0,0.0,1.0000001192092896,1.0
1.0,1.0,0.0,0.0,1.0,1.0
1.0,1.0,0.0,0.0,0.9999998211860657,1.0
1.0,1.0,0.0,0.0,1.000000238418579,0.9999999403953552
1.0,1.0,0.0,0.0,1.0,1.0
1.0,1.0,0.0,0.0,1.0000001192092896,1.0
1.0,1.0,0.0,0.0,0.9999999403953552,1.0
1.0,1.0,0.0,0.0,0.9999997615814209,1.0
1.0,1.0,0.0,0.0,0.9999998807907104,1.0
0.984623633819011,0.9841941777403667,0.07692307692307693,0.01282051282051282,0.9749652147293091,0.8642216324806213
1.0,1.0,0.0,0.0,1.0,1.0
0.9994203878757226,0.9991728383037407,0.09090909090909091,0.05555555555555555,0.9896849989891052,0.8482730984687805
0.9968721912311179,0.9987385619595194,0.08333333333333333,0.06896551724137931,0.99486243724823,0.9921640157699585
1.0,1.0,0.0,0.0,1.0,1.0
1.0,1.0,0.0,0.0,1.0000001192092896,1.0000001192092896
1.0,1.0,0.0,0.0,1.0,1.0000001192092896
1.0,1.0,0.0,0.0,0.9999999403953552,1.0000001192092896
1.0,1.0,0.0,0.0,0.9999999403953552,1.0
1.0,1.0,0.0,0.0,0.9999998807907104,1.0
0.9984715793031577,0.9977624622480603,0.0625,0.02631578947368421,0.979435920715332,0.7428795099258423
1.0,1.0,0.0,0.0,0.9999997615814209,1.0000001192092896
1.0,1.0,0.0,0.0,1.0,1.0
1.0,1.0,0.0,0.0,1.0000001192092896,1.0
1.0,1.0,0.0,0.0,0.9999998807907104,1.0
1.0,1.0,0.0,0.0,1.0000001192092896,1.0
1.0,1.0,0.0,0.0,0.9999999403953552,1.0000001192092896
1.0,1.0,0.0,0.0,1.0000001192092896,1.0
0.9705882352941176,0.9705882352941176,0.125,0.025,0.9882793426513672,0.9546055793762207
1.0,1.0,0.0,0.0,1.0,1.0000001192092896
1.0,1.0,0.0,0.0,1.0,1.0
1.0,1.0,0.0,0.0,1.0,1.0
0.9796962101680795,0.9795563095764609,0.21428571428571427,0.140625,0.9234302639961243,0.5059956908226013
1.0,1.0,0.0,0.0,0.9999999403953552,1.0
1.0,1.0,0.0,0.0,0.9999998807907104,1.0
1.0,1.0,0.0,0.0,0.9999999403953552,1.0000001192092896
1.0,1.0,0.0,0.0,0.9999998807907104,1.0
1.0,1.0,0.0,0.0,1.0,1.0
0.9558823529411765,0.9558823529411765,0.07142857142857142,0.041666666666666664,0.9815948605537415,0.9888777732849121
1.0,1.0,0.0,0.0,1.0,1.0
1.0,1.0,0.0,0.0,1.0,1.0000001192092896
1.0,1.0,0.0,0.0,1.0,1.0
1.0,1.0,0.0,0.0,0.9999998807907104,1.0
1.0,1.0,0.0,0.0,1.0,1.0
0.8478260869565217,0.8478260869565217,0.3333333333333333,0.39215686274509803,0.9540922045707703,0.8309466242790222
1.0,1.0,0.0,0.0,1.0,1.0
1.0,1.0,0.0,0.0,0.9999998807907104,1.0
1.0,1.0,0.0,0.0,1.0,1.0
1.0,1.0,0.0,0.0,1.0,1.0
1.0,1.0,0.0,0.0,1.0000001192092896,1.0
1.0,1.0,0.0,0.0,1.0,1.0
1.0,1.0,0.0,0.0,1.0,1.0
1.0,1.0,0.0,0.0,0.9999999403953552,1.0
1.0,1.0,0.0,0.0,1.0,1.0
1.0,1.0,0.0,0.0,0.9999998807907104,1.0000001192092896
1.0,1.0,0.0,0.0,1.0,1.0000001192092896
1.0,1.0,0.0,0.0,1.000000238418579,1.0
1.0,1.0,0.0,0.0,1.0,1.0000001192092896
1.0,1.0,0.0,0.0,1.0,1.0
1.0,1.0,0.0,0.0,0.9999998211860657,1.0000001192092896
1.0,1.0,0.0,0.0,0.9999999403953552,1.0
1.0,1.0,0.0,0.0,1.0,1.0
1.0,1.0,0.0,0.0,0.9999997615814209,1.0
1.0,1.0,0.0,0.0,0.9999998211860657,1.0000001192092896
1.0,1.0,0.0,0.0,0.9999998807907104,1.0
1.0,1.0,0.0,0.0,1.000000238418579,1.0
1.0,1.0,0.0,0.0,1.0,1.0
1.0,1.0,0.0,0.0,0.9999999403953552,1.0
0.9763491932987556,0.9772727272727273,0.25,0.02127659574468085,0.9910936951637268,0.9601752161979675
1.0,1.0,0.0,0.0,0.9999999403953552,1.0
1.0,1.0,0.0,0.0,1.0,1.0
1.0,1.0,0.0,0.0,1.0,1.0
1.0,1.0,0.0,0.0,1.000000238418579,1.0
1.0,1.0,0.0,0.0,1.0,1.0
1.0,1.0,0.0,0.0,0.9999999403953552,1.0
1.0,1.0,0.0,0.0,1.0,1.0000001192092896
1.0,1.0,0.0,0.0,1.0000001192092896,1.0000001192092896
1.0,1.0,0.0,0.0,0.9999998807907104,1.0
1.0,1.0,0.0,0.0,1.0,1.0
1.0,1.0,0.0,0.0,1.0,1.0000001192092896
1.0,1.0,0.0,0.0,0.9999998211860657,1.0000001192092896
1.0,1.0,0.0,0.0,0.9999998807907104,1.0
1.0,1.0,0.0,0.0,0.9999998807907104,1.0000001192092896
1.0,1.0,0.0,0.0,0.9999998807907104,1.0000001192092896
0.9216524992035656,0.9225184846811838,0.26666666666666666,0.14864864864864866,0.9525348544120789,0.9885152578353882
1.0,1.0,0.0,0.0,0.9999998807907104,1.0
1.0,1.0,0.0,0.0,1.0,1.0
0.9990594597082832,0.9980862048216709,0.09090909090909091,0.043478260869565216,0.9675376415252686,0.9047811627388
1.0,1.0,0.0,0.0,1.0,1.0
1.0,1.0,0.0,0.0,1.0,1.0
1.0,1.0,0.0,0.0,1.0000001192092896,1.0
1.0,1.0,0.0,0.0,1.0,1.0
0.9453644486816022,0.9461856865571898,0.13333333333333333,0.04285714285714286,0.9196584224700928,0.6232978701591492
1.0,1.0,0.0,0.0,1.0,1.0
1.0,1.0,0.0,0.0,0.9999998807907104,1.0000001192092896
0.9811320754716981,0.9811320754716981,0.07692307692307693,0.03278688524590164,0.9934588670730591,0.9837340712547302
1.0,1.0,0.0,0.0,0.9999998807907104,1.0
0.8409090909090909,0.8409090909090909,0.2222222222222222,0.21568627450980393,0.9743700623512268,0.8897680044174194
1.0,1.0,0.0,0.0,1.0,1.0000001192092896
0.9984426432017266,0.9971063785748844,0.1111111111111111,0.04878048780487805,0.95734041929245,0.8501873016357422
1.0,1.0,0.0,0.0,0.9999998807907104,1.0000001192092896
0.825,0.825,0.14285714285714285,0.22857142857142856,0.9467442631721497,0.9561021327972412
1.0,1.0,0.0,0.0,1.0000001192092896,1.0
1.0,1.0,0.0,0.0,0.9999998807907104,1.0
1.0,1.0,0.0,0.0,1.0,1.0
1.0,1.0,0.0,0.0,0.9999999403953552,1.0
1.0,1.0,0.0,0.0,1.0000001192092896,1.0
1.0,1.0,0.0,0.0,1.0,1.0
1.0,1.0,0.0,0.0,0.9999998807907104,1.0
1.0,1.0,0.0,0.0,1.0,1.0
1.0,1.0,0.0,0.0,1.0,1.0
0.9997248495605091,1.0,0.1111111111111111,0.06666666666666667,0.9836239814758301,0.7242703437805176
1.0,1.0,0.0,0.0,0.9999998807907104,1.0
1.0,1.0,0.0,0.0,1.0000001192092896,1.0000001192092896
1.0,1.0,0.0,0.0,0.9999998807907104,1.0000001192092896
0.9696969696969697,0.9696969696969697,0.1111111111111111,0.02564102564102564,0.9799176454544067,0.9844738841056824
1.0,1.0,0.0,0.0,0.9999998211860657,1.0
0.9473684210526316,0.9473684210526316,0.09090909090909091,0.057971014492753624,0.9953251481056213,0.9969079494476318
1.0,1.0,0.0,0.0,1.0,1.0
0.8823529411764706,0.8823529411764706,0.2222222222222222,0.14,0.9572089314460754,0.9368987679481506
1.0,1.0,0.0,0.0,1.0000001192092896,1.0000001192092896
1.0,1.0,0.0,0.0,1.0,1.0
1.0,1.0,0.0,0.0,0.9999999403953552,1.0
1.0,1.0,0.0,0.0,0.9999999403953552,1.0
1.0,1.0,0.0,0.0,1.0,1.0000001192092896
1.0,1.0,0.0,0.0,1.0,1.0
1.0,1.0,0.0,0.0,1.0,1.0
1.0,1.0,0.0,0.0,1.0,1.0000001192092896
0.8235294117647058,0.8235294117647058,0.18181818181818182,0.171875,0.974955677986145,0.9784998893737793
1.0,1.0,0.0,0.0,1.0,1.0
1.0,1.0,0.0,0.0,1.0,1.0
1.0,1.0,0.0,0.0,1.0,1.0000001192092896
1.0,1.0,0.0,0.0,1.0,1.0
1.0,1.0,0.0,0.0,1.0,1.0
1.0,1.0,0.0,0.0,1.0,1.0000001192092896
0.9996540965903543,1.0,0.1111111111111111,0.075,0.945611298084259,0.8762477040290833
1.0,1.0,0.0,0.0,1.0,1.0
1.0,1.0,0.0,0.0,1.0,1.0
1.0,1.0,0.125,0.046511627906976744,0.9957116842269897,0.9778283834457397
0.9615384615384616,0.9615384615384616,0.14285714285714285,0.11666666666666667,0.9838977456092834,0.9865431785583496
0.825,0.825,0.14285714285714285,0.23529411764705882,0.9369049668312073,0.9106522798538208
1.0,1.0,0.0,0.0,0.9999999403953552,1.0000001192092896
1.0,1.0,0.0,0.0,1.0,1.0
1.0,1.0,0.0,0.0,0.9999999403953552,1.0
1.0,1.0,0.0,0.0,1.0,1.0
1.0,1.0,0.0,0.0,1.0,1.0
1.0,1.0,0.0,0.0,1.0,1.0000001192092896
1.0,1.0,0.0,0.0,1.0,1.0
1.0,1.0,0.0,0.0,0.9999998807907104,1.0000001192092896
1.0,1.0,0.0,0.0,1.0,1.0
1.0,1.0,0.0,0.0,1.0,1.0
0.9787234042553191,0.9787234042553191,0.2222222222222222,0.019230769230769232,0.9918513894081116,0.9073617458343506
1.0,1.0,0.0,0.0,1.0,1.0
1.0,1.0,0.0,0.0,1.0,1.0
1.0,1.0,0.0,0.0,1.0,1.0
1.0,1.0,0.0,0.0,1.0,1.0000001192092896
1.0,1.0,0.0,0.0,1.0,1.0
1.0,1.0,0.0,0.0,1.0,1.0
1.0,1.0,0.0,0.0,1.0,1.0000001192092896
1.0,1.0,0.0,0.0,1.0,1.0000001192092896
1.0,1.0,0.0,0.0,1.0,1.0
1.0,1.0,0.0,0.0,1.0,1.0
1.0,1.0,0.0,0.0,1.0,1.0000001192092896
1.0,1.0,0.0,0.0,1.0,1.0
1.0,1.0,0.0,0.0,1.0,1.0
1.0,1.0,0.0,0.0,1.0,1.0
1.0,1.0,0.0,0.0,1.0,1.0
1.0,1.0,0.0,0.0,1.0,1.0
1.0,1.0,0.0,0.0,1.0,1.0
0.996445671853543,0.9985665476812721,0.09090909090909091,0.07547169811320754,0.9939221143722534,0.9875008463859558
1.0,1.0,0.0,0.0,1.0,1.0000001192092896
1.0,1.0,0.0,0.0,1.0,1.0
1.0,1.0,0.0,0.0,1.0,1.0000001192092896
1.0,1.0,0.0,0.0,1.0,1.0000001192092896
0.8654257695273707,0.8666666666666667,0.7777777777777778,0.7735849056603774,0.8463570475578308,0.40543854236602783
1.0,1.0,0.0,0.0,1.0,1.0
1.0,1.0,0.0,0.0,1.0000001192092896,1.0000001192092896
1.0,1.0,0.0,0.0,1.0,1.0
1.0,1.0,0.0,0.0,1.0,1.0
1.0,1.0,0.0,0.0,1.0,1.0000001192092896
1.0,1.0,0.0,0.0,1.0000001192092896,1.0
1.0,1.0,0.0,0.0,1.0,1.0
1.0,1.0,0.0,0.0,1.0,1.0000001192092896
1.0,1.0,0.0,0.0,1.0,1.0
1.0,1.0,0.0,0.0,1.0,1.0
1.0,1.0,0.0,0.0,1.0000001192092896,1.0
1.0,1.0,0.0,0.0,0.9999999403953552,1.0
1.0,1.0,0.0,0.0,1.0,1.0000001192092896
1.0,1.0,0.0,0.0,1.0,1.0
1.0,1.0,0.0,0.0,0.9999999403953552,1.0
1.0,1.0,0.0,0.0,1.0,1.0000001192092896
1.0,1.0,0.0,0.0,1.0,1.0
1.0,1.0,0.0,0.0,1.0,1.0000001192092896
1.0,1.0,0.0,0.0,1.0,1.0
1.0,1.0,0.0,0.0,1.0,1.0
1.0,1.0,0.0,0.0,1.0000001192092896,1.0000001192092896
1.0,1.0,0.0,0.0,1.0,1.0
1.0,1.0,0.0,0.0,1.0,1.0000001192092896
1.0,1.0,0.0,0.0,1.0,1.0
1.0,1.0,0.0,0.0,1.0,1.0
1.0,1.0,0.0,0.0,1.0,1.0000001192092896
1.0,1.0,0.0,0.0,1.0,1.0000001192092896
1.0,1.0,0.0,0.0,1.0,1.0000001192092896
1.0,1.0,0.0,0.0,1.0,1.0
1.0,1.0,0.0,0.0,1.0,1.0000001192092896
1.0,1.0,0.0,0.0,1.0,1.0
1.0,1.0,0.0,0.0,1.0,1.0
1.0,1.0,0.0,0.0,1.0,1.0
1.0,1.0,0.0,0.0,1.0,1.0000001192092896
1.0,1.0,0.0,0.0,1.0,1.0
1.0,1.0,0.0,0.0,1.0,1.0
1.0,1.0,0.0,0.0,1.0,1.0
1.0,1.0,0.0,0.0,1.0,1.0
1.0,1.0,0.0,0.0,0.9999999403953552,1.0000001192092896
1.0,1.0,0.0,0.0,1.0,1.0
1.0,1.0,0.0,0.0,1.0000001192092896,1.0000001192092896
1.0,1.0,0.0,0.0,1.0,1.0
1.0,1.0,0.0,0.0,1.0,1.0
1.0,1.0,0.0,0.0,1.0,1.0000001192092896
1.0,1.0,0.0,0.0,1.0,1.0
1.0,1.0,0.0,0.0,1.0,1.0
1.0,1.0,0.0,0.0,1.0,0.9999999403953552
1.0,1.0,0.0,0.0,1.0,1.0
1.0,1.0,0.0,0.0,1.0,1.0000001192092896
1.0,1.0,0.0,0.0,1.0,1.0000001192092896
1.0,1.0,0.0,0.0,1.0,1.0
1.0,1.0,0.0,0.0,1.0,1.0
1.0,1.0,0.0,0.0,1.0,1.0000001192092896
1.0,1.0,0.0,0.0,1.0,1.0000001192092896
1.0,1.0,0.0,0.0,1.0,1.0
0.9971199115513395,0.9977229677494348,0.125,0.02564102564102564,0.9625967144966125,0.9162687659263611
1.0,1.0,0.0,0.0,1.0,1.0
1.0,1.0,0.0,0.0,1.0,1.0
1.0,1.0,0.0,0.0,1.0,0.9999998807907104
1.0,1.0,0.0,0.0,1.0,1.0
1.0,1.0,0.0,0.0,1.0,1.0
1.0,1.0,0.0,0.0,1.0,1.0
1.0,1.0,0.0,0.0,1.0,1.0000001192092896
1.0,1.0,0.0,0.0,0.9999999403953552,1.0
0.9361702127659575,0.9361702127659575,0.16666666666666666,0.0851063829787234,0.9898685216903687,0.9788352251052856
1.0,1.0,0.0,0.0,1.0,1.0
1.0,1.0,0.0,0.0,1.0,1.0
1.0,1.0,0.0,0.0,1.0,1.0
1.0,1.0,0.0,0.0,1.0,1.0
1.0,1.0,0.0,0.0,1.0,1.0
1.0,1.0,0.0,0.0,1.0,1.0
1.0,1.0,0.0,0.0,1.0,1.0000001192092896
1.0,1.0,0.0,0.0,1.0,1.0000001192092896
1.0,1.0,0.0,0.0,1.0,1.0
1.0,1.0,0.0,0.0,1.0,1.0
1.0,1.0,0.0,0.0,1.0000001192092896,1.0000001192092896
1.0,1.0,0.0,0.0,1.0000001192092896,1.0
1.0,1.0,0.0,0.0,1.0,1.0000001192092896
1.0,1.0,0.0,0.0,1.0,1.0
1.0,1.0,0.0,0.0,1.0,1.0
1.0,1.0,0.0,0.0,0.9999997615814209,1.0
1.0,1.0,0.0,0.0,1.0,1.0
1.0,1.0,0.0,0.0,1.0,1.0
1.0,1.0,0.0,0.0,1.000000238418579,1.0000001192092896
1.0,1.0,0.0,0.0,1.0000001192092896,1.0000001192092896
1.0,1.0,0.0,0.0,1.0,1.0
1.0,1.0,0.0,0.0,0.9999998807907104,1.0000001192092896
1.0,1.0,0.0,0.0,1.000000238418579,1.0000001192092896
1.0,1.0,0.0,0.0,0.9999999403953552,1.0
1.0,1.0,0.0,0.0,0.9999998211860657,1.0
0.998474704936112,0.9978232586940546,0.3333333333333333,0.045454545454545456,0.9566940069198608,0.8247057795524597
1.0,1.0,0.0,0.0,0.9999996423721313,1.0
1.0,1.0,0.0,0.0,1.0000001192092896,1.0
1.0,1.0,0.0,0.0,1.0000001192092896,1.0000001192092896
1.0,1.0,0.0,0.0,1.0,1.0
1.0,1.0,0.0,0.0,0.9999998807907104,1.0000001192092896
1.0,1.0,0.0,0.0,1.0000001192092896,1.0000001192092896
1.0,1.0,0.0,0.0,0.9999999403953552,1.0000001192092896
1.0,1.0,0.0,0.0,1.0,1.0
1.0,1.0,0.0,0.0,1.000000238418579,1.0
1.0,1.0,0.0,0.0,0.9999998807907104,1.0
1.0,1.0,0.0,0.0,0.9999998807907104,1.0
0.9523809523809523,0.9523809523809523,0.2,0.04,0.9485271573066711,0.9729939699172974
1.0,1.0,0.0,0.0,1.0,1.0000001192092896
1.0,1.0,0.0,0.0,1.0000001192092896,1.0000001192092896
1.0,1.0,0.0,0.0,0.9999999403953552,1.0000001192092896
1.0,1.0,0.0,0.0,1.0000001192092896,1.0
1.0,1.0,0.0,0.0,1.0,1.0
0.9980649764354877,0.997320164426336,0.25,0.041666666666666664,0.8735975027084351,0.8850708603858948
1.0,1.0,0.0,0.0,0.9999998807907104,1.0
1.0,1.0,0.0,0.0,0.9999999403953552,1.0
1.0,1.0,0.0,0.0,0.9999997615814209,1.0000001192092896
1.0,1.0,0.0,0.0,1.0000001192092896,1.0000001192092896
1.0,1.0,0.0,0.0,0.9999998211860657,1.0
1.0,1.0,0.0,0.0,0.9999998807907104,1.0
1.0,1.0,0.0,0.0,1.0,1.0000001192092896
1.0,1.0,0.0,0.0,1.0,1.0
1.0,1.0,0.0,0.0,1.0000001192092896,1.0
1.0,1.0,0.0,0.0,1.0,1.0
1.0,1.0,0.0,0.0,1.000000238418579,1.0000001192092896
1.0,1.0,0.0,0.0,1.0,1.0000001192092896
1.0,1.0,0.0,0.0,1.0,1.0
1.0,1.0,0.0,0.0,1.0,1.0
0.9531542156249709,0.9545454545454546,0.1111111111111111,0.044444444444444446,0.9591168761253357,0.9472647905349731
1.0,1.0,0.0,0.0,1.0,1.0
1.0,1.0,0.0,0.0,1.0,1.0000001192092896
1.0,1.0,0.0,0.0,0.9999998807907104,1.0000001192092896
1.0,1.0,0.0,0.0,0.9999998807907104,1.0
1.0,1.0,0.0,0.0,1.0,1.0
1.0,1.0,0.0,0.0,1.0,1.0000001192092896
1.0,1.0,0.0,0.0,1.0000003576278687,1.0
0.8518518518518519,0.8518518518518519,0.1111111111111111,0.14516129032258066,0.9875437617301941,0.9908833503723145
1.0,1.0,0.0,0.0,1.0000001192092896,1.0
1.0,1.0,0.0,0.0,1.0,1.0
1.0,1.0,0.0,0.0,1.000000238418579,1.0
1.0,1.0,0.0,0.0,0.9999997615814209,1.0
0.9705882352941176,0.9705882352941176,0.2857142857142857,0.05555555555555555,0.9549113512039185,0.550361156463623
1.0,1.0,0.0,0.0,1.0,1.0
1.0,1.0,0.0,0.0,1.0,1.0000001192092896
1.0,1.0,0.0,0.0,1.0,1.0000001192092896
1.0,1.0,0.0,0.0,1.0000001192092896,1.0000001192092896
1.0,1.0,0.0,0.0,1.000000238418579,1.0000001192092896
1.0,1.0,0.0,0.0,0.9999998807907104,1.0
1.0,1.0,0.0,0.0,1.0,1.0
1.0,1.0,0.0,0.0,1.000000238418579,1.0
1.0,1.0,0.0,0.0,0.9999998807907104,1.0
1.0,1.0,0.0,0.0,0.9999998211860657,1.0
1.0,1.0,0.0,0.0,1.0,1.0000001192092896
1.0,1.0,0.0,0.0,0.9999997019767761,1.0
0.9967534106014028,0.9965691087803591,0.1,0.03636363636363636,0.9664652943611145,0.8122746348381042
0.92,0.92,0.16666666666666666,0.06451612903225806,0.9873808026313782,0.9942569732666016
1.0,1.0,0.0,0.0,1.000000238418579,1.0
1.0,1.0,0.0,0.0,0.9999998807907104,1.0000001192092896
1.0,1.0,0.0,0.0,1.0,1.0
1.0,1.0,0.0,0.0,0.9999998807907104,1.0
1.0,1.0,0.0,0.0,0.9999998807907104,1.0
1.0,1.0,0.0,0.0,1.0,1.0000001192092896
1.0,1.0,0.0,0.0,1.0,1.0
1.0,1.0,0.0,0.0,1.0000001192092896,1.0
1.0,1.0,0.0,0.0,0.9999999403953552,1.0000001192092896
1.0,1.0,0.0,0.0,1.0,1.0000001192092896
1.0,1.0,0.0,0.0,1.0,1.0
1.0,1.0,0.0,0.0,1.0000001192092896,1.0
1.0,1.0,0.0,0.0,1.0000001192092896,1.0
1.0,1.0,0.0,0.0,1.000000238418579,1.0
1.0,1.0,0.0,0.0,1.0,1.0
1.0,1.0,0.0,0.0,0.9999998807907104,1.0
1.0,1.0,0.0,0.0,1.000000238418579,1.0
1.0,1.0,0.0,0.0,0.9999998807907104,1.0000001192092896
1.0,1.0,0.0,0.0,0.9999998807907104,1.0
1.0,1.0,0.0,0.0,0.9999998807907104,1.0000001192092896
1.0,1.0,0.0,0.0,1.0,1.0
0.9582532061161785,0.970035355512543,0.18181818181818182,0.06557377049180328,0.9534391760826111,0.6982772350311279
1.0,1.0,0.0,0.0,0.9999997615814209,1.0000001192092896
1.0,1.0,0.0,0.0,0.9999998807907104,1.0
1.0,1.0,0.0,0.0,1.0,1.0
1.0,1.0,0.0,0.0,0.9999999403953552,1.0000001192092896
1.0,1.0,0.0,0.0,0.9999998807907104,1.0
1.0,1.0,0.0,0.0,1.0000001192092896,1.0000001192092896
1.0,1.0,0.0,0.0,1.0000001192092896,1.0
1.0,1.0,0.0,0.0,0.9999995827674866,1.0000001192092896
1.0,1.0,0.0,0.0,0.9999998211860657,1.0
1.0,1.0,0.0,0.0,0.9999998807907104,1.0
1.0,1.0,0.0,0.0,1.0,1.0000001192092896
1.0,1.0,0.0,0.0,1.0,1.0
1.0,1.0,0.0,0.0,1.0000001192092896,1.0000001192092896
1.0,1.0,0.0,0.0,0.9999999403953552,1.0
1.0,1.0,0.0,0.0,0.9999997019767761,1.0000001192092896
1.0,1.0,0.0,0.0,1.0,1.0000001192092896
1.0,1.0,0.0,0.0,1.0,1.0000001192092896
1.0,1.0,0.0,0.0,1.0000001192092896,1.0
1.0,1.0,0.0,0.0,1.0,1.0
1.0,1.0,0.0,0.0,0.9999999403953552,1.0
1.0,1.0,0.0,0.0,1.0000001192092896,1.0000001192092896
1.0,1.0,0.0,0.0,1.0,1.0
1.0,1.0,0.0,0.0,1.0000001192092896,1.0
1.0,1.0,0.0,0.0,0.9999996423721313,1.0
0.9210526315789473,0.9210526315789473,0.125,0.05128205128205128,0.9914391040802002,0.9926658868789673
1.0,1.0,0.0,0.0,0.9999999403953552,1.0000001192092896
1.0,1.0,0.0,0.0,0.9999998807907104,1.0
1.0,1.0,0.0,0.0,1.0,1.0
1.0,1.0,0.0,0.0,0.9999998807907104,1.0
1.0,1.0,0.0,0.0,1.0,1.0
1.0,1.0,0.0,0.0,1.0,1.0000001192092896
1.0,1.0,0.0,0.0,1.0,1.0000001192092896
1.0,1.0,0.0,0.0,1.0,1.0000001192092896
1.0,1.0,0.0,0.0,1.0,1.0
1.0,1.0,0.0,0.0,1.0,1.0000001192092896
0.9972076303946118,0.9979151948227818,0.1111111111111111,0.023809523809523808,0.9648498892784119,0.5166246294975281
0.9987794070403557,0.9980426840002469,0.25,0.05,0.9879257678985596,0.9829398393630981
1.0,1.0,0.0,0.0,1.0,1.0
1.0,1.0,0.0,0.0,1.0,1.0
0.9642857142857143,0.9642857142857143,0.16666666666666666,0.030303030303030304,0.9754778146743774,0.889633297920227
0.8620689655172413,0.8620689655172413,0.125,0.1388888888888889,0.9802193641662598,0.9311114549636841
1.0,1.0,0.0,0.0,1.0,1.0
1.0,1.0,0.0,0.0,1.0,1.0
1.0,1.0,0.0,0.0,1.0,0.9999999403953552
1.0,1.0,0.0,0.0,0.9999999403953552,1.0
1.0,1.0,0.0,0.0,1.0,1.0000001192092896
0.9981243034995574,0.9981979456564563,0.2857142857142857,0.05,0.9920361042022705,0.9840784668922424
1.0,1.0,0.0,0.0,1.0,1.0000001192092896
1.0,1.0,0.0,0.0,1.0,1.0000001192092896
0.8918918918918919,0.8918918918918919,0.1111111111111111,0.1111111111111111,0.9646623134613037,0.9614081978797913
1.0,1.0,0.0,0.0,1.0,1.0
1.0,1.0,0.0,0.0,1.0000001192092896,1.0
1.0,1.0,0.0,0.0,1.0,1.0
0.9655172413793104,0.9655172413793104,0.2,0.07142857142857142,0.9259253144264221,0.5557199120521545
1.0,1.0,0.0,0.0,1.0,1.0
1.0,1.0,0.0,0.0,1.0,1.0
1.0,1.0,0.0,0.0,0.9999999403953552,1.0
1.0,1.0,0.0,0.0,1.0,1.0
1.0,1.0,0.0,0.0,1.0,1.0
1.0,1.0,0.0,0.0,1.0,1.0000001192092896
1.0,1.0,0.0,0.0,0.9999999403953552,1.0
1.0,1.0,0.0,0.0,1.0,1.0000001192092896
1.0,1.0,0.0,0.0,1.0000001192092896,1.0000001192092896
1.0,1.0,0.0,0.0,1.0,1.0
1.0,1.0,0.0,0.0,1.0,1.0
1.0,1.0,0.0,0.0,1.0,1.0
1.0,1.0,0.0,0.0,1.0000001192092896,1.0000001192092896
1.0,1.0,0.0,0.0,1.0,1.0000001192092896
1.0,1.0,0.0,0.0,1.0000001192092896,1.0000001192092896
1.0,1.0,0.0,0.0,1.0,1.0000001192092896
1.0,1.0,0.0,0.0,1.0,1.0
1.0,1.0,0.0,0.0,1.0000001192092896,1.0
1.0,1.0,0.0,0.0,1.0,1.0
1.0,1.0,0.0,0.0,1.0,1.0
1.0,1.0,0.0,0.0,1.0,1.0
1.0,1.0,0.0,0.0,1.0,1.0
1.0,1.0,0.0,0.0,0.9999998807907104,1.0
1.0,1.0,0.0,0.0,1.0,1.0
1.0,1.0,0.0,0.0,1.0,1.0
1.0,1.0,0.0,0.0,1.0,1.0
1.0,1.0,0.0,0.0,1.0000001192092896,1.0
0.8285714285714285,0.8285714285714285,0.2222222222222222,0.225,0.9618422389030457,0.9596148729324341
1.0,1.0,0.0,0.0,1.0000001192092896,1.0000001192092896
1.0,1.0,0.0,0.0,1.0000001192092896,1.0
1.0,1.0,0.0,0.0,0.9999998807907104,1.0
1.0,1.0,0.0,0.0,1.0,1.0000001192092896
1.0,1.0,0.0,0.0,1.0,1.0
1.0,1.0,0.0,0.0,1.0,1.0
1.0,1.0,0.0,0.0,0.9999998807907104,1.0
1.0,1.0,0.0,0.0,1.0,1.0
0.9302325581395349,0.9302325581395349,0.125,0.06,0.9782209396362305,0.9653760194778442
0.9642857142857143,0.9642857142857143,0.125,0.06896551724137931,0.9678260087966919,0.9845641851425171
1.0,1.0,0.0,0.0,1.0,1.0
1.0,1.0,0.0,0.0,1.0,1.0000001192092896
1.0,1.0,0.0,0.0,1.0000001192092896,1.0
1.0,1.0,0.0,0.0,1.0,1.0
1.0,1.0,0.0,0.0,1.0,1.0000001192092896
1.0,1.0,0.0,0.0,1.0,1.0
1.0,1.0,0.0,0.0,1.0,1.0
1.0,1.0,0.0,0.0,1.0000001192092896,1.0
1.0,1.0,0.0,0.0,0.9999998807907104,1.0
1.0,1.0,0.0,0.0,1.0,1.0
1.0,1.0,0.0,0.0,1.0,1.0000001192092896
1.0,1.0,0.0,0.0,1.0,1.0
1.0,1.0,0.0,0.0,1.0,1.0000001192092896
1.0,1.0,0.0,0.0,1.0,1.0000001192092896
1.0,1.0,0.0,0.0,1.0,1.0
1.0,1.0,0.0,0.0,1.0,1.0
1.0,1.0,0.0,0.0,1.0,1.0
1.0,1.0,0.0,0.0,1.0,1.0
1.0,1.0,0.0,0.0,0.9999999403953552,1.0000001192092896
1.0,1.0,0.0,0.0,1.0,1.0
1.0,1.0,0.0,0.0,1.0,1.0
1.0,1.0,0.0,0.0,1.000000238418579,1.0
1.0,1.0,0.0,0.0,1.0,1.0
1.0,1.0,0.0,0.0,1.0,1.0
1.0,1.0,0.0,0.0,1.0,1.0
1.0,1.0,0.0,0.0,1.0,1.0000001192092896
1.0,1.0,0.0,0.0,1.0000001192092896,1.0
1.0,1.0,0.0,0.0,1.0,1.0
1.0,1.0,0.0,0.0,1.0,1.0
1.0,1.0,0.0,0.0,1.0,1.0000001192092896
1.0,1.0,0.0,0.0,1.0,1.0
1.0,1.0,0.0,0.0,0.9999998807907104,1.0
1.0,1.0,0.0,0.0,1.0,1.0000001192092896
1.0,1.0,0.0,0.0,0.9999999403953552,1.0
1.0,1.0,0.0,0.0,1.0,1.0
1.0,1.0,0.0,0.0,1.0,1.0
1.0,1.0,0.0,0.0,0.9999999403953552,1.0
1.0,1.0,0.0,0.0,1.0,1.0
1.0,1.0,0.0,0.0,1.0,1.0000001192092896
1.0,1.0,0.0,0.0,1.0,1.0
1.0,1.0,0.0,0.0,1.0,1.0
1.0,1.0,0.0,0.0,1.0,1.0000001192092896
1.0,1.0,0.0,0.0,1.0,1.0000001192092896
1.0,1.0,0.0,0.0,1.0,1.0
1.0,1.0,0.0,0.0,1.0,1.0
1.0,1.0,0.0,0.0,1.0,1.0
1.0,1.0,0.0,0.0,1.0,1.0
1.0,1.0,0.0,0.0,1.0,1.0
1.0,1.0,0.0,0.0,1.0,1.0
1.0,1.0,0.0,0.0,1.0,1.0000001192092896
1.0,1.0,0.0,0.0,1.0,1.0
0.9410539576217419,0.9413798834490968,0.2222222222222222,0.09302325581395349,0.9546626210212708,0.9559892416000366
1.0,1.0,0.0,0.0,1.0,1.0000001192092896
1.0,1.0,0.0,0.0,1.0,1.0
1.0,1.0,0.0,0.0,1.0,1.0
1.0,1.0,0.0,0.0,0.9999999403953552,1.0
1.0,1.0,0.0,0.0,1.0,1.0000001192092896
1.0,1.0,0.0,0.0,1.0,1.0000001192092896
1.0,1.0,0.0,0.0,1.0,1.0
1.0,1.0,0.0,0.0,1.0000001192092896,1.0
1.0,1.0,0.0,0.0,0.9999998807907104,1.0
1.0,1.0,0.0,0.0,1.0,1.0
1.0,1.0,0.0,0.0,1.0,1.0
1.0,1.0,0.0,0.0,1.0,1.0
1.0,1.0,0.0,0.0,1.0,1.0000001192092896
1.0,1.0,0.0,0.0,0.9999999403953552,1.0
1.0,1.0,0.0,0.0,0.9999999403953552,1.0000001192092896
1.0,1.0,0.0,0.0,1.0,1.0
1.0,1.0,0.0,0.0,1.0,1.0
1.0,1.0,0.0,0.0,1.0,1.0
1.0,1.0,0.0,0.0,1.0000001192092896,1.0
1.0,1.0,0.0,0.0,1.0,1.0
1.0,1.0,0.0,0.0,1.0000001192092896,1.0
1.0,1.0,0.0,0.0,1.0,1.0
0.7905479234069178,0.7924624544986193,0.4,0.30952380952380953,0.9144335389137268,0.3624814748764038
1.0,1.0,0.0,0.0,1.0,1.0
1.0,1.0,0.0,0.0,1.0,1.0
1.0,1.0,0.0,0.0,1.0,1.0
1.0,1.0,0.0,0.0,1.0,1.0
0.9440542983926932,0.939787178527633,0.5,0.21739130434782608,0.8605812788009644,0.4959560036659241
1.0,1.0,0.0,0.0,1.0,1.0
1.0,1.0,0.0,0.0,1.0,1.0
1.0,1.0,0.0,0.0,1.0,1.0
1.0,1.0,0.0,0.0,1.0,1.0000001192092896
1.0,1.0,0.0,0.0,1.000000238418579,1.0
1.0,1.0,0.0,0.0,1.0,1.0000001192092896
1.0,1.0,0.0,0.0,1.0,1.0
1.0,1.0,0.0,0.0,1.0,1.0000001192092896
1.0,1.0,0.0,0.0,1.0,1.0
1.0,1.0,0.0,0.0,1.0,1.0
1.0,1.0,0.0,0.0,1.0,1.0
1.0,1.0,0.0,0.0,1.0,1.0000001192092896
1.0,1.0,0.0,0.0,1.0,1.0
1.0,1.0,0.0,0.0,0.9999999403953552,1.0
1.0,1.0,0.0,0.0,1.0000001192092896,1.0
1.0,1.0,0.0,0.0,1.0,1.0
1.0,1.0,0.0,0.0,0.9999999403953552,1.0000001192092896
1.0,1.0,0.0,0.0,1.0,1.0000001192092896
1.0,1.0,0.0,0.0,1.0,1.0000001192092896
1.0,1.0,0.0,0.0,1.0,1.0
1.0,1.0,0.0,0.0,1.0,1.0
1.0,1.0,0.0,0.0,0.9999999403953552,1.0000001192092896
1.0,1.0,0.0,0.0,1.0,1.0000001192092896
1.0,1.0,0.0,0.0,1.0,1.0000001192092896
1.0,1.0,0.0,0.0,1.0,1.0
1.0,1.0,0.0,0.0,0.9999999403953552,1.0
1.0,1.0,0.0,0.0,1.0,1.0
1.0,1.0,0.0,0.0,1.0,0.9999999403953552
1.0,1.0,0.0,0.0,1.0,1.0
1.0,1.0,0.0,0.0,1.0,1.0
1.0,1.0,0.0,0.0,1.0,1.0
1.0,1.0,0.0,0.0,1.0,1.0000001192092896
1.0,1.0,0.0,0.0,1.0,1.0000001192092896
1.0,1.0,0.0,0.0,1.0,1.0000001192092896
1.0,1.0,0.0,0.0,1.0,1.0
1.0,1.0,0.0,0.0,1.0,1.0000001192092896
1.0,1.0,0.0,0.0,0.9999999403953552,1.0000001192092896
1.0,1.0,0.0,0.0,1.0,1.0000001192092896
1.0,1.0,0.0,0.0,1.0,1.0000001192092896
1.0,1.0,0.0,0.0,1.0,1.0000001192092896
1.0,1.0,0.0,0.0,1.0,1.0
1.0,1.0,0.0,0.0,1.0,1.0
1.0,1.0,0.0,0.0,1.0,1.0000001192092896
1.0,1.0,0.0,0.0,1.0,1.0
1.0,1.0,0.0,0.0,1.0,1.0
1.0,1.0,0.0,0.0,1.0,1.0
1.0,1.0,0.0,0.0,1.0000001192092896,1.0
1.0,1.0,0.0,0.0,1.0,1.0
1.0,1.0,0.0,0.0,1.0,1.0
1.0,1.0,0.0,0.0,1.0,1.0
1.0,1.0,0.0,0.0,1.0,1.0
1.0,1.0,0.0,0.0,1.0,1.0000001192092896
1.0,1.0,0.0,0.0,1.0000001192092896,1.0
1.0,1.0,0.0,0.0,1.0,1.0000001192092896
1.0,1.0,0.0,0.0,1.0,0.9999999403953552
1.0,1.0,0.0,0.0,1.0,1.0
1.0,1.0,0.0,0.0,1.0,1.0
0.7407407407407407,0.7407407407407407,0.14285714285714285,0.2857142857142857,0.9373130202293396,0.7492437958717346
1.0,1.0,0.0,0.0,1.0,1.0
1.0,1.0,0.0,0.0,1.0,1.0000001192092896
1.0,1.0,0.0,0.0,1.0,1.0000001192092896
1.0,1.0,0.0,0.0,0.9999999403953552,1.0000001192092896
1.0,1.0,0.0,0.0,1.0000001192092896,1.0
1.0,1.0,0.0,0.0,1.0,1.0
1.0,1.0,0.0,0.0,1.0,1.0
1.0,1.0,0.0,0.0,1.0,1.0000001192092896
1.0,1.0,0.0,0.0,1.0,1.0000001192092896
1.0,1.0,0.0,0.0,1.0,1.0
1.0,1.0,0.0,0.0,1.0,1.0
1.0,1.0,0.0,0.0,1.0,1.0
1.0,1.0,0.0,0.0,1.0,1.0
1.0,1.0,0.0,0.0,0.9999999403953552,1.0
1.0,1.0,0.0,0.0,1.0,1.0000001192092896
1.0,1.0,0.0,0.0,1.0,1.0
1.0,1.0,0.0,0.0,0.9999999403953552,1.0
1.0,1.0,0.0,0.0,1.0,1.0
1.0,1.0,0.0,0.0,1.0,1.0
1.0,1.0,0.0,0.0,1.0,1.0000001192092896
1.0,1.0,0.0,0.0,1.0,1.0000001192092896
1.0,1.0,0.0,0.0,1.0,1.0000001192092896
1.0,1.0,0.0,0.0,1.0000001192092896,1.0000001192092896
1.0,1.0,0.0,0.0,1.0,1.0
1.0,1.0,0.0,0.0,1.0,1.0
1.0,1.0,0.0,0.0,0.9999998807907104,1.0
1.0,1.0,0.0,0.0,1.0,1.0
1.0,1.0,0.0,0.0,1.0,1.0000001192092896
1.0,1.0,0.0,0.0,1.0,1.0
1.0,1.0,0.0,0.0,1.0,1.0000001192092896
1.0,1.0,0.0,0.0,1.0000001192092896,1.0
1.0,1.0,0.0,0.0,1.0,1.0
1.0,1.0,0.0,0.0,0.9999999403953552,1.0000001192092896
1.0,1.0,0.0,0.0,1.0,1.0000001192092896
1.0,1.0,0.0,0.0,1.0000001192092896,1.0
1.0,1.0,0.0,0.0,1.0,1.0
1.0,1.0,0.0,0.0,1.0000001192092896,1.0
1.0,1.0,0.0,0.0,1.0000001192092896,1.0
1.0,1.0,0.0,0.0,1.0,1.0
1.0,1.0,0.0,0.0,1.0,1.0
1.0,1.0,0.0,0.0,1.0,1.0
1.0,1.0,0.0,0.0,1.0,1.0
1.0,1.0,0.0,0.0,1.0,1.0
1.0,1.0,0.0,0.0,1.0,1.0
1.0,1.0,0.0,0.0,1.0,1.0000001192092896
1.0,1.0,0.0,0.0,1.0,1.0
1.0,1.0,0.0,0.0,1.0,1.0000001192092896
1.0,1.0,0.0,0.0,1.0,1.0000001192092896
1.0,1.0,0.0,0.0,0.9999999403953552,1.0
1.0,1.0,0.0,0.0,1.0,1.0000001192092896
1.0,1.0,0.0,0.0,0.9999999403953552,1.0
1.0,1.0,0.0,0.0,0.9999999403953552,1.0
1.0,1.0,0.0,0.0,1.0,1.0000001192092896
1.0,1.0,0.0,0.0,1.0,1.0
1.0,1.0,0.0,0.0,1.0,1.0
1.0,1.0,0.0,0.0,1.0,1.0000001192092896
1.0,1.0,0.0,0.0,1.0,1.0
1.0,1.0,0.0,0.0,1.0,1.0
1.0,1.0,0.0,0.0,1.0,1.0
1.0,1.0,0.0,0.0,1.0,1.0
1.0,1.0,0.0,0.0,1.0,1.0000001192092896
1.0,1.0,0.0,0.0,1.0,1.0
1.0,1.0,0.0,0.0,1.0,1.0000001192092896
1.0,1.0,0.0,0.0,1.0,1.0
1.0,1.0,0.0,0.0,1.0,1.0
1.0,1.0,0.0,0.0,1.0,1.0000001192092896
1.0,1.0,0.0,0.0,1.0,1.0
1.0,1.0,0.0,0.0,1.0,1.0
1.0,1.0,0.0,0.0,0.9999999403953552,1.0
1.0,1.0,0.0,0.0,1.0,1.0
1.0,1.0,0.0,0.0,1.0,1.0
1.0,1.0,0.0,0.0,1.0000001192092896,1.0000001192092896
0.951994264838576,0.9541358836778451,0.4,0.13793103448275862,0.920623779296875,0.3262083828449249
1.0,1.0,0.0,0.0,0.9999999403953552,1.0
1.0,1.0,0.0,0.0,1.0,1.0000001192092896
1.0,1.0,0.0,0.0,1.0,1.0
1.0,1.0,0.0,0.0,1.0,1.0000001192092896
1.0,1.0,0.0,0.0,0.9999999403953552,1.0
1.0,1.0,0.0,0.0,0.9999998807907104,1.0000001192092896
1.0,1.0,0.0,0.0,1.0,1.0
1.0,1.0,0.0,0.0,1.0,1.0
1.0,1.0,0.0,0.0,1.0,1.0
1.0,1.0,0.0,0.0,1.0,1.0
1.0,1.0,0.0,0.0,0.9999999403953552,1.0000001192092896
1.0,1.0,0.0,0.0,1.0,1.0000001192092896
1.0,1.0,0.0,0.0,1.0,1.0000001192092896
1.0,1.0,0.0,0.0,0.9999999403953552,1.0
1.0,1.0,0.0,0.0,1.0,1.0
1.0,1.0,0.0,0.0,1.0,1.0
1.0,1.0,0.0,0.0,1.0000001192092896,1.0000001192092896
1.0,1.0,0.0,0.0,1.0,1.0
1.0,1.0,0.0,0.0,1.0,1.0
1.0,1.0,0.0,0.0,1.0000001192092896,1.0
1.0,1.0,0.0,0.0,1.0,1.0
1.0,1.0,0.0,0.0,1.0,1.0
1.0,1.0,0.0,0.0,1.0,1.0
1.0,1.0,0.0,0.0,1.0,1.0
1.0,1.0,0.0,0.0,1.0,1.0
1.0,1.0,0.0,0.0,0.9999998807907104,1.0
1.0,1.0,0.0,0.0,1.0,1.0
0.9943416915921952,0.9937090267425008,0.14285714285714285,0.05128205128205128,0.954111635684967,0.9388386607170105
1.0,1.0,0.0,0.0,1.0,1.0
1.0,1.0,0.0,0.0,1.0,1.0
1.0,1.0,0.0,0.0,0.9999999403953552,1.0
1.0,1.0,0.0,0.0,1.0,1.0
1.0,1.0,0.0,0.0,0.9999998807907104,1.0
1.0,1.0,0.0,0.0,1.0,1.0
1.0,1.0,0.0,0.0,1.0000001192092896,1.0
1.0,1.0,0.0,0.0,1.0000001192092896,1.0000001192092896
1.0,1.0,0.0,0.0,1.0,1.0
1.0,1.0,0.0,0.0,1.0000001192092896,1.0
1.0,1.0,0.0,0.0,0.9999999403953552,1.0
1.0,1.0,0.0,0.0,1.0,1.0
1.0,1.0,0.0,0.0,1.0,1.0000001192092896
1.0,1.0,0.0,0.0,1.0,1.0
1.0,1.0,0.0,0.0,1.0,1.0
1.0,1.0,0.0,0.0,1.0,1.0
1.0,1.0,0.0,0.0,1.0000001192092896,1.0
0.8636363636363636,0.8636363636363636,0.16666666666666666,0.11538461538461539,0.9595003724098206,0.9136399626731873
1.0,1.0,0.0,0.0,1.0,1.0
1.0,1.0,0.0,0.0,1.0,1.0000001192092896
1.0,1.0,0.0,0.0,1.0000001192092896,1.0000001192092896
1.0,1.0,0.0,0.0,1.0,1.0
1.0,1.0,0.0,0.0,1.0,1.0000001192092896
1.0,1.0,0.0,0.0,1.0,1.0
1.0,1.0,0.0,0.0,1.0,1.0
1.0,1.0,0.0,0.0,1.0,1.0
1.0,1.0,0.0,0.0,1.0,1.0
0.9456097120406273,0.9451916797466862,0.25,0.10526315789473684,0.937656044960022,0.7074302434921265
1.0,1.0,0.0,0.0,1.0,1.0
1.0,1.0,0.0,0.0,1.0,1.0
1.0,1.0,0.0,0.0,1.0,1.0000001192092896
1.0,1.0,0.0,0.0,1.0,1.0000001192092896
1.0,1.0,0.0,0.0,1.0,1.0
1.0,1.0,0.0,0.0,1.0,1.0
1.0,1.0,0.0,0.0,1.0,1.0000001192092896
1.0,1.0,0.0,0.0,1.0,1.0
1.0,1.0,0.0,0.0,1.0,1.0
1.0,1.0,0.0,0.0,1.0,1.0000001192092896
1.0,1.0,0.0,0.0,1.0,1.0000001192092896
1.0,1.0,0.0,0.0,1.0,1.0000001192092896
1.0,1.0,0.0,0.0,1.0,1.0000001192092896
1.0,1.0,0.0,0.0,1.0,1.0
1.0,1.0,0.0,0.0,1.0000001192092896,1.0
1.0,1.0,0.0,0.0,1.0,1.0000001192092896
1.0,1.0,0.0,0.0,1.0000001192092896,1.0
1.0,1.0,0.0,0.0,0.9999999403953552,1.0
1.0,1.0,0.0,0.0,1.0,1.0000001192092896
1.0,1.0,0.0,0.0,1.0,1.0
1.0,1.0,0.0,0.0,1.0,1.0
1.0,1.0,0.0,0.0,0.9999999403953552,1.0
1.0,1.0,0.0,0.0,1.0,1.0
1.0,1.0,0.0,0.0,1.0,1.0
1.0,1.0,0.0,0.0,0.9999999403953552,1.0
1.0,1.0,0.0,0.0,0.9999999403953552,1.0000001192092896
1.0,1.0,0.0,0.0,1.0,1.0
1.0,1.0,0.0,0.0,1.0,1.0000001192092896
1.0,1.0,0.0,0.0,1.0,1.0
1.0,1.0,0.0,0.0,1.0,1.0
1.0,1.0,0.0,0.0,1.0,1.0
1.0,1.0,0.0,0.0,1.0,1.0000001192092896
1.0,1.0,0.0,0.0,1.0,1.0
1.0,1.0,0.0,0.0,1.0,1.0000001192092896
1.0,1.0,0.0,0.0,1.000000238418579,1.0
1.0,1.0,0.0,0.0,1.0,1.0
1.0,1.0,0.0,0.0,1.0,1.0000001192092896
1.0,1.0,0.0,0.0,1.0,1.0
0.8232070161618662,0.861820971412932,0.6,0.3157894736842105,0.9192374348640442,0.5637280344963074
1.0,1.0,0.0,0.0,1.0,1.0
1.0,1.0,0.0,0.0,1.0,1.0
1.0,1.0,0.0,0.0,0.9999999403953552,1.0
1.0,1.0,0.0,0.0,1.0,1.0000001192092896
1.0,1.0,0.0,0.0,1.0,1.0000001192092896
1.0,1.0,0.0,0.0,1.0,1.0
1.0,1.0,0.0,0.0,1.0,1.0000001192092896
1.0,1.0,0.0,0.0,1.0,1.0000001192092896
1.0,1.0,0.0,0.0,1.0,1.0000001192092896
1.0,1.0,0.0,0.0,1.0,1.0
1.0,1.0,0.0,0.0,1.0,1.0
1.0,1.0,0.0,0.0,0.9999999403953552,1.0
1.0,1.0,0.0,0.0,1.0,1.0
1.0,1.0,0.0,0.0,1.0,1.0
1.0,1.0,0.0,0.0,1.0,1.0000001192092896
1.0,1.0,0.0,0.0,1.0,1.0
0.8776910302908002,0.8766327465715391,0.6,0.28,0.9362698793411255,0.47570985555648804
1.0,1.0,0.0,0.0,1.0,1.0
1.0,1.0,0.0,0.0,1.0,1.0000001192092896
1.0,1.0,0.0,0.0,0.9999998807907104,1.0
1.0,1.0,0.0,0.0,1.0,1.0
1.0,1.0,0.0,0.0,1.0,1.0
1.0,1.0,0.0,0.0,1.0000001192092896,1.0000001192092896
1.0,1.0,0.0,0.0,1.0,1.0000001192092896
1.0,1.0,0.0,0.0,1.0,1.0000001192092896
1.0,1.0,0.0,0.0,1.0,1.0
1.0,1.0,0.0,0.0,1.0,1.0
1.0,1.0,0.0,0.0,1.0,1.0000001192092896
1.0,1.0,0.0,0.0,1.0,1.0000001192092896
1.0,1.0,0.0,0.0,1.0000001192092896,1.0
1.0,1.0,0.0,0.0,1.0,1.0
1.0,1.0,0.0,0.0,0.9999999403953552,1.0
1.0,1.0,0.0,0.0,1.0,1.0
1.0,1.0,0.0,0.0,1.0,1.0
1.0,1.0,0.0,0.0,1.0,1.0000001192092896
1.0,1.0,0.0,0.0,1.0,1.0
1.0,1.0,0.0,0.0,1.0,1.0000001192092896
1.0,1.0,0.0,0.0,1.0,1.0
1.0,1.0,0.0,0.0,1.0,1.0
1.0,1.0,0.0,0.0,0.9999999403953552,1.0
1.0,1.0,0.0,0.0,1.0,1.0
1.0,1.0,0.0,0.0,1.0,1.0000001192092896
1.0,1.0,0.0,0.0,1.0,1.0000001192092896
1.0,1.0,0.0,0.0,0.9999999403953552,1.0000001192092896
1.0,1.0,0.0,0.0,1.0,1.0
0.9615384615384616,0.9615384615384616,0.2,0.07407407407407407,0.9247827529907227,0.6341468095779419
1.0,1.0,0.0,0.0,0.9999999403953552,1.0
1.0,1.0,0.0,0.0,1.0,1.0
1.0,1.0,0.0,0.0,0.9999999403953552,1.0000001192092896
0.9596071091188302,0.9601799235456054,0.14285714285714285,0.07407407407407407,0.9847069978713989,0.9717787504196167
1.0,1.0,0.0,0.0,1.0000001192092896,1.0000001192092896
0.8461538461538461,0.8461538461538461,0.16666666666666666,0.12903225806451613,0.9510038495063782,0.9117292165756226
1.0,1.0,0.0,0.0,1.0,1.0000001192092896
1.0,1.0,0.0,0.0,1.0,1.0
1.0,1.0,0.0,0.0,1.0,1.0
1.0,1.0,0.0,0.0,1.0,1.0000001192092896
1.0,1.0,0.0,0.0,1.0,1.0
1.0,1.0,0.0,0.0,1.0,1.0000001192092896
1.0,1.0,0.0,0.0,1.0,1.0
1.0,1.0,0.0,0.0,1.0000001192092896,1.0
1.0,1.0,0.0,0.0,0.9999999403953552,1.0
1.0,1.0,0.0,0.0,1.0,1.0
1.0,1.0,0.0,0.0,1.0,1.0
1.0,1.0,0.0,0.0,0.9999999403953552,1.0
1.0,1.0,0.0,0.0,1.0,1.0
1.0,1.0,0.0,0.0,1.0000001192092896,1.0
1.0,1.0,0.0,0.0,1.0,1.0000001192092896
1.0,1.0,0.0,0.0,1.0,1.0000001192092896
1.0,1.0,0.0,0.0,1.0,1.0
1.0,1.0,0.0,0.0,1.0,1.0
1.0,1.0,0.0,0.0,1.0,1.0000001192092896
1.0,1.0,0.0,0.0,1.0,1.0000001192092896
1.0,1.0,0.0,0.0,1.0,1.0
1.0,1.0,0.0,0.0,1.0,1.0
1.0,1.0,0.0,0.0,1.0,1.0
1.0,1.0,0.0,0.0,1.0,1.0
1.0,1.0,0.0,0.0,1.0,1.0
1.0,1.0,0.0,0.0,1.0,1.0
0.7,0.7,0.3333333333333333,0.32142857142857145,0.9405149817466736,0.941966712474823
1.0,1.0,0.0,0.0,1.0000001192092896,0.9999998807907104
1.0,1.0,0.0,0.0,0.9999999403953552,1.0000001192092896
1.0,1.0,0.0,0.0,1.0,1.0
1.0,1.0,0.0,0.0,1.0,1.0
1.0,1.0,0.0,0.0,1.0,1.0
1.0,1.0,0.0,0.0,1.0,1.0000001192092896
1.0,1.0,0.0,0.0,1.0,1.0
1.0,1.0,0.0,0.0,1.0,1.0000001192092896
0.9230769230769231,0.9230769230769231,0.3333333333333333,0.14285714285714285,0.9284475445747375,0.9202653765678406
1.0,1.0,0.0,0.0,1.0,1.0
1.0,1.0,0.0,0.0,1.0000001192092896,1.0
1.0,1.0,0.0,0.0,1.0,1.0000001192092896
1.0,1.0,0.0,0.0,0.9999999403953552,1.0000001192092896
1.0,1.0,0.0,0.0,1.0,1.0
1.0,1.0,0.0,0.0,1.0,1.0000001192092896
1.0,1.0,0.0,0.0,1.0,1.0
0.96,0.96,0.16666666666666666,0.07142857142857142,0.982193648815155,0.952507734298706
1.0,1.0,0.0,0.0,1.0,1.0
1.0,1.0,0.0,0.0,1.0,1.0000001192092896
1.0,1.0,0.0,0.0,1.0,0.9999999403953552
1.0,1.0,0.0,0.0,0.9999999403953552,1.0000001192092896
1.0,1.0,0.0,0.0,1.0,1.0
1.0,1.0,0.0,0.0,1.0,1.0000001192092896
1.0,1.0,0.0,0.0,0.9999999403953552,1.0
1.0,1.0,0.0,0.0,1.0,1.0000001192092896
1.0,1.0,0.0,0.0,1.0,1.0000001192092896
1.0,1.0,0.0,0.0,1.0,1.0000001192092896
1.0,1.0,0.0,0.0,1.0,1.0
1.0,1.0,0.0,0.0,1.0,1.0000001192092896
1.0,1.0,0.0,0.0,1.000000238418579,1.0
1.0,1.0,0.0,0.0,1.000000238418579,1.0
1.0,1.0,0.0,0.0,1.0,1.0
1.0,1.0,0.0,0.0,1.0,1.0
1.0,1.0,0.0,0.0,0.9999999403953552,1.0
1.0,1.0,0.0,0.0,1.0,1.0
1.0,1.0,0.0,0.0,1.0,1.0000001192092896
1.0,1.0,0.0,0.0,1.0,1.0
1.0,1.0,0.0,0.0,1.0,1.0
1.0,1.0,0.0,0.0,1.0,1.0000001192092896
1.0,1.0,0.0,0.0,0.9999999403953552,1.0000001192092896
1.0,1.0,0.0,0.0,1.0,1.0000001192092896
1.0,1.0,0.0,0.0,0.9999999403953552,1.0
0.9957947988489075,0.994682505689606,0.16666666666666666,0.0625,0.9650619626045227,0.5923406481742859
1.0,1.0,0.0,0.0,1.0,1.0000001192092896
1.0,1.0,0.0,0.0,1.0,1.0
1.0,1.0,0.0,0.0,1.0,1.0
1.0,1.0,0.0,0.0,1.0,1.0000001192092896
1.0,1.0,0.0,0.0,1.0,1.0
1.0,1.0,0.0,0.0,1.0,1.0
1.0,1.0,0.0,0.0,1.0,1.0
1.0,1.0,0.0,0.0,1.0,1.0
1.0,1.0,0.0,0.0,1.0,1.0000001192092896
1.0,1.0,0.0,0.0,1.0,1.0
1.0,1.0,0.0,0.0,1.0,1.0
1.0,1.0,0.0,0.0,0.9999999403953552,1.0
1.0,1.0,0.0,0.0,0.9999999403953552,1.0000001192092896
1.0,1.0,0.0,0.0,1.0000001192092896,1.0
1.0,1.0,0.0,0.0,1.0,1.0
0.9411764705882353,0.9411764705882353,0.4,0.041666666666666664,0.9668958783149719,0.8447893857955933
1.0,1.0,0.0,0.0,1.0,1.0
1.0,1.0,0.0,0.0,1.0,1.0
1.0,1.0,0.0,0.0,1.0,1.0000001192092896
1.0,1.0,0.0,0.0,0.9999999403953552,1.0
1.0,1.0,0.0,0.0,1.0,1.0
0.9964646463660287,0.9940962163224891,0.2,0.04,0.997369647026062,0.951080858707428
1.0,1.0,0.0,0.0,1.0,1.0
1.0,1.0,0.0,0.0,1.0,1.0
1.0,1.0,0.0,0.0,1.0000001192092896,1.0
1.0,1.0,0.0,0.0,1.0000001192092896,1.0000001192092896
1.0,1.0,0.0,0.0,1.0,1.0
1.0,1.0,0.0,0.0,1.0,1.0
1.0,1.0,0.0,0.0,1.0000001192092896,1.0000001192092896
1.0,1.0,0.0,0.0,0.9999999403953552,1.0
1.0,1.0,0.0,0.0,1.0,1.0
1.0,1.0,0.0,0.0,1.0,1.0
1.0,1.0,0.0,0.0,1.0,1.0000001192092896
1.0,1.0,0.0,0.0,1.0,1.0
1.0,1.0,0.0,0.0,1.0,1.0000001192092896
1.0,1.0,0.0,0.0,1.0,1.0
1.0,1.0,0.0,0.0,0.9999999403953552,1.0000001192092896
0.8686023263764947,0.8681745544268438,0.3333333333333333,0.21875,0.9095998406410217,0.78230881690979
0.8955826061642601,0.8960292692537131,0.25,0.13636363636363635,0.9427040219306946,0.2860186994075775
1.0,1.0,0.0,0.0,1.0,1.0000001192092896
1.0,1.0,0.0,0.0,1.0,1.0000001192092896
0.9452478540597102,0.9462428967865674,0.25,0.09090909090909091,0.9956792593002319,0.6140362024307251
1.0,1.0,0.0,0.0,1.0,1.0
1.0,1.0,0.0,0.0,1.0,1.0000001192092896
1.0,1.0,0.0,0.0,1.0,1.0000001192092896
1.0,1.0,0.0,0.0,1.0000001192092896,1.0
1.0,1.0,0.0,0.0,0.9999999403953552,1.0000001192092896
1.0,1.0,0.0,0.0,1.0,1.0000001192092896
1.0,1.0,0.0,0.0,1.0,1.0
1.0,1.0,0.0,0.0,1.0,1.0
1.0,1.0,0.0,0.0,0.9999999403953552,1.0000001192092896
1.0,1.0,0.0,0.0,1.0,1.0
1.0,1.0,0.0,0.0,1.0,1.0000001192092896
1.0,1.0,0.0,0.0,1.0,1.0000001192092896
1.0,1.0,0.0,0.0,1.0,1.0000001192092896
1.0,1.0,0.0,0.0,0.9999999403953552,1.0
1.0,1.0,0.0,0.0,1.0,1.0
1.0,1.0,0.0,0.0,1.0,1.0
1.0,1.0,0.0,0.0,0.9999999403953552,1.0
1.0,1.0,0.0,0.0,1.000000238418579,1.0
1.0,1.0,0.0,0.0,1.0000001192092896,1.0
1.0,1.0,0.0,0.0,1.0,1.0
1.0,1.0,0.0,0.0,1.0,1.0000001192092896
1.0,1.0,0.0,0.0,1.000000238418579,1.0
1.0,1.0,0.0,0.0,1.0,1.0
1.0,1.0,0.0,0.0,1.0000001192092896,1.0
1.0,1.0,0.0,0.0,1.0,1.0
1.0,1.0,0.0,0.0,1.0,0.9999999403953552
1.0,1.0,0.0,0.0,1.0,1.0000001192092896
1.0,1.0,0.0,0.0,1.0,1.0000001192092896
1.0,1.0,0.0,0.0,1.0,1.0000001192092896
1.0,1.0,0.0,0.0,1.0,1.0
1.0,1.0,0.0,0.0,1.0,1.0
1.0,1.0,0.0,0.0,1.0,1.0000001192092896
1.0,1.0,0.0,0.0,1.0,1.0000001192092896
1.0,1.0,0.0,0.0,1.0,1.0
1.0,1.0,0.0,0.0,1.0,1.0
1.0,1.0,0.0,0.0,1.0,1.0000001192092896
1.0,1.0,0.0,0.0,0.9999999403953552,1.0
1.0,1.0,0.0,0.0,1.0,1.0
1.0,1.0,0.0,0.0,1.0,1.0000001192092896
1.0,1.0,0.0,0.0,1.0000001192092896,1.0
1.0,1.0,0.0,0.0,1.0,1.0
1.0,1.0,0.0,0.0,1.0,1.0
1.0,1.0,0.0,0.0,1.0000001192092896,1.0000001192092896
1.0,1.0,0.0,0.0,1.0,1.0000001192092896
1.0,1.0,0.0,0.0,1.0,1.0000001192092896
1.0,1.0,0.0,0.0,0.9999999403953552,1.0
1.0,1.0,0.0,0.0,1.0,1.0000001192092896
1.0,1.0,0.0,0.0,1.0,1.0000001192092896
1.0,1.0,0.0,0.0,1.0,1.0
1.0,1.0,0.0,0.0,1.0,1.0
1.0,1.0,0.0,0.0,1.0,1.0000001192092896
1.0,1.0,0.0,0.0,1.0,1.0
1.0,1.0,0.0,0.0,1.0,1.0000001192092896
1.0,1.0,0.0,0.0,1.0000001192092896,1.0000001192092896
1.0,1.0,0.0,0.0,1.0,1.0000001192092896
1.0,1.0,0.0,0.0,1.0,1.0
1.0,1.0,0.0,0.0,1.0,1.0000001192092896
1.0,1.0,0.0,0.0,1.0,1.0
1.0,1.0,0.0,0.0,1.0,1.0000001192092896
1.0,1.0,0.0,0.0,1.0,1.0000001192092896
1.0,1.0,0.0,0.0,1.0,1.0
1.0,1.0,0.0,0.0,1.0,1.0000001192092896
1.0,1.0,0.0,0.0,1.0,1.0
1.0,1.0,0.0,0.0,1.0000001192092896,1.0000001192092896
1.0,1.0,0.0,0.0,1.0,1.0000001192092896
1.0,1.0,0.0,0.0,1.0,1.0
0.9411764705882353,0.9411764705882353,0.25,0.045454545454545456,0.9554986357688904,0.9522743821144104
1.0,1.0,0.0,0.0,1.0,1.0
1.0,1.0,0.0,0.0,0.9999999403953552,1.0
1.0,1.0,0.0,0.0,1.0000001192092896,1.0
1.0,1.0,0.0,0.0,1.0,1.0
1.0,1.0,0.0,0.0,1.0,1.0
1.0,1.0,0.0,0.0,1.0,1.0000001192092896
1.0,1.0,0.0,0.0,1.0,1.0
1.0,1.0,0.0,0.0,1.0,1.0
1.0,1.0,0.0,0.0,1.0,1.0
1.0,1.0,0.0,0.0,1.0,0.9999999403953552
1.0,1.0,0.0,0.0,1.0,1.0000001192092896
1.0,1.0,0.0,0.0,0.9999998807907104,1.0000001192092896
1.0,1.0,0.0,0.0,1.0,1.0
1.0,1.0,0.0,0.0,1.0,1.0
1.0,1.0,0.0,0.0,1.0,1.0
1.0,1.0,0.0,0.0,1.0,1.0
1.0,1.0,0.0,0.0,1.0,1.0
1.0,1.0,0.0,0.0,1.0,1.0
1.0,1.0,0.0,0.0,1.0,1.0
1.0,1.0,0.0,0.0,1.0,1.0000001192092896
1.0,1.0,0.0,0.0,0.9999999403953552,1.0000001192092896
0.9981956451900911,0.997106576348191,0.5,0.08695652173913043,0.9750646948814392,0.9556534886360168
1.0,1.0,0.0,0.0,1.0,1.0000001192092896
1.0,1.0,0.0,0.0,1.0,1.0
1.0,1.0,0.0,0.0,1.0,1.0000001192092896
0.5333333333333333,0.5333333333333333,0.3333333333333333,0.5333333333333333,0.9216663837432861,0.6944002509117126
1.0,1.0,0.0,0.0,1.0,1.0
1.0,1.0,0.0,0.0,0.9999999403953552,1.0
1.0,1.0,0.0,0.0,1.0,1.0000001192092896
1.0,1.0,0.0,0.0,1.0,1.0000001192092896
1.0,1.0,0.0,0.0,1.0,1.0
1.0,1.0,0.0,0.0,1.0,1.0
1.0,1.0,0.0,0.0,1.0,1.0
1.0,1.0,0.0,0.0,0.9999998807907104,1.0
1.0,1.0,0.0,0.0,1.0,1.0
1.0,1.0,0.0,0.0,1.0000001192092896,1.0
1.0,1.0,0.0,0.0,1.0,1.0000001192092896
1.0,1.0,0.0,0.0,1.0,1.0
1.0,1.0,0.0,0.0,1.0,1.0
1.0,1.0,0.0,0.0,1.0,1.0000001192092896
1.0,1.0,0.0,0.0,1.0000001192092896,1.0
1.0,1.0,0.0,0.0,1.0,1.0
1.0,1.0,0.0,0.0,1.0,1.0
1.0,1.0,0.0,0.0,1.0,1.0
1.0,1.0,0.0,0.0,1.0000001192092896,1.0
1.0,1.0,0.0,0.0,1.0,1.0
1.0,1.0,0.0,0.0,1.0,1.0000001192092896
1.0,1.0,0.0,0.0,0.9999998807907104,1.0
1.0,1.0,0.0,0.0,1.0,1.0000001192092896
1.0,1.0,0.0,0.0,1.0000001192092896,1.0
1.0,1.0,0.0,0.0,1.0,1.0
1.0,1.0,0.0,0.0,1.0,1.0
1.0,1.0,0.0,0.0,1.0,1.0000001192092896
1.0,1.0,0.0,0.0,1.0,1.0
1.0,1.0,0.0,0.0,1.0,1.0000001192092896
1.0,1.0,0.0,0.0,1.0,1.0000001192092896
1.0,1.0,0.0,0.0,1.0,1.0000001192092896
0.9208158814392073,0.9199507278624309,0.3333333333333333,0.23076923076923078,0.8710622787475586,0.1661839485168457
1.0,1.0,0.0,0.0,1.0,1.0
1.0,1.0,0.0,0.0,1.0,1.0
1.0,1.0,0.0,0.0,1.0,1.0
1.0,1.0,0.0,0.0,1.0,1.0
1.0,1.0,0.0,0.0,0.9999999403953552,1.0
1.0,1.0,0.0,0.0,1.0,1.0
1.0,1.0,0.0,0.0,1.0000001192092896,1.0000001192092896
1.0,1.0,0.0,0.0,0.9999999403953552,1.0
1.0,1.0,0.0,0.0,1.0,1.0
1.0,1.0,0.0,0.0,1.0,1.0
1.0,1.0,0.0,0.0,0.9999999403953552,1.0
1.0,1.0,0.0,0.0,0.9999998807907104,1.0
1.0,1.0,0.0,0.0,1.0,1.0000001192092896
1.0,1.0,0.0,0.0,1.0,1.0
1.0,1.0,0.0,0.0,1.0,1.0000001192092896
1.0,1.0,0.0,0.0,1.0,1.0
1.0,1.0,0.0,0.0,1.0,1.0
1.0,1.0,0.25,0.1111111111111111,0.9943706393241882,0.9800925850868225
1.0,1.0,0.0,0.0,1.0,1.0
1.0,1.0,0.0,0.0,0.9999999403953552,1.0
1.0,1.0,0.0,0.0,1.0,1.0
1.0,1.0,0.0,0.0,1.0,1.0
1.0,1.0,0.0,0.0,1.0,1.0000001192092896
1.0,1.0,0.0,0.0,1.0,1.0
1.0,1.0,0.0,0.0,1.0,1.0000001192092896
1.0,1.0,0.0,0.0,1.0,1.0000001192092896
1.0,1.0,0.0,0.0,1.0,1.0000001192092896
1.0,1.0,0.0,0.0,1.0,1.0
1.0,1.0,0.0,0.0,1.0,1.0
1.0,1.0,0.0,0.0,0.9999999403953552,1.0
1.0,1.0,0.0,0.0,1.0,1.0
1.0,1.0,0.0,0.0,1.0,1.0
1.0,1.0,0.0,0.0,0.9999999403953552,1.0
1.0,1.0,0.0,0.0,1.0,1.0000001192092896
1.0,1.0,0.0,0.0,1.0,1.0
0.9319782577053252,0.9325365865671413,0.3333333333333333,0.2,0.9659838676452637,0.46839529275894165
1.0,1.0,0.0,0.0,1.0000001192092896,1.0
0.9970749172806458,1.0,0.25,0.17647058823529413,0.9402322173118591,0.515271782875061
1.0,1.0,0.0,0.0,1.0,1.0
1.0,1.0,0.0,0.0,1.0,1.0000001192092896
1.0,1.0,0.0,0.0,0.9999999403953552,1.0000001192092896
1.0,1.0,0.0,0.0,1.0,1.0
1.0,1.0,0.0,0.0,1.0,1.0
1.0,1.0,0.0,0.0,1.0,1.0
1.0,1.0,0.0,0.0,1.0,0.9999999403953552
1.0,1.0,0.0,0.0,0.9999999403953552,1.0
1.0,1.0,0.0,0.0,1.0,1.0000001192092896
1.0,1.0,0.0,0.0,1.0,1.0
1.0,1.0,0.0,0.0,1.0,1.0
1.0,1.0,0.0,0.0,1.0,1.0000001192092896
1.0,1.0,0.0,0.0,1.0,1.0
1.0,1.0,0.0,0.0,1.0,1.0
1.0,1.0,0.0,0.0,1.0000001192092896,1.0
1.0,1.0,0.0,0.0,1.0,1.0000001192092896
1.0,1.0,0.0,0.0,1.0,1.0
1.0,1.0,0.0,0.0,1.0,1.0000001192092896
1.0,1.0,0.0,0.0,1.0,1.0
1.0,1.0,0.0,0.0,1.0000001192092896,1.0000001192092896
1.0,1.0,0.0,0.0,1.0,1.0
0.6842105263157895,0.6842105263157895,0.5,0.4375,0.9151535630226135,0.5684795379638672
0.8705836643230832,0.8694992798652621,0.75,0.4375,0.8190404772758484,0.28932642936706543
1.0,1.0,0.0,0.0,1.000000238418579,1.0000001192092896
1.0,1.0,0.0,0.0,1.0,1.0000001192092896
1.0,1.0,0.0,0.0,1.0,1.0
1.0,1.0,0.0,0.0,1.0,1.0
1.0,1.0,0.0,0.0,1.0,1.0000001192092896
1.0,1.0,0.0,0.0,1.0,1.0
1.0,1.0,0.0,0.0,1.0,1.0
1.0,1.0,0.0,0.0,0.9999998807907104,1.0000001192092896
1.0,1.0,0.0,0.0,1.0,1.0
1.0,1.0,0.0,0.0,1.0000001192092896,1.0000001192092896
1.0,1.0,0.0,0.0,1.0,1.0000001192092896
1.0,1.0,0.0,0.0,0.9999999403953552,1.0
1.0,1.0,0.0,0.0,1.0,1.0
1.0,1.0,0.0,0.0,1.0,1.0
1.0,1.0,0.0,0.0,1.0,1.0
1.0,1.0,0.0,0.0,1.0,1.0
1.0,1.0,0.0,0.0,1.0,1.0
1.0,1.0,0.0,0.0,0.9999999403953552,1.0
1.0,1.0,0.0,0.0,1.0,1.0
1.0,1.0,0.0,0.0,1.0,1.0
1.0,1.0,0.0,0.0,1.0,1.0000001192092896
1.0,1.0,0.0,0.0,1.0,1.0
1.0,1.0,0.0,0.0,1.0,1.0000001192092896
1.0,1.0,0.0,0.0,1.0,1.0000001192092896
1.0,1.0,0.0,0.0,0.9999998807907104,1.0
1.0,1.0,0.0,0.0,1.0000001192092896,1.0
1.0,1.0,0.0,0.0,1.0,1.0
1.0,1.0,0.0,0.0,1.0,1.0000001192092896
1.0,1.0,0.0,0.0,1.0,1.0
1.0,1.0,0.0,0.0,1.0000001192092896,1.0
1.0,1.0,0.0,0.0,1.0,1.0
1.0,1.0,0.0,0.0,1.0,1.0
1.0,1.0,0.0,0.0,0.9999999403953552,1.0
1.0,1.0,0.0,0.0,0.9999998807907104,1.0000001192092896
1.0,1.0,0.0,0.0,1.0,1.0
1.0,1.0,0.0,0.0,1.0,1.0000001192092896
1.0,1.0,0.0,0.0,1.0,1.0000001192092896
1.0,1.0,0.0,0.0,1.0,1.0000001192092896
1.0,1.0,0.0,0.0,0.9999998807907104,1.0
1.0,1.0,0.0,0.0,1.0,1.0
1.0,1.0,0.0,0.0,1.0000001192092896,1.0
1.0,1.0,0.0,0.0,1.0,1.0
1.0,1.0,0.0,0.0,1.0,1.0
1.0,1.0,0.0,0.0,1.0,1.0
1.0,1.0,0.0,0.0,1.0,1.0
1.0,1.0,0.0,0.0,1.0,1.0
1.0,1.0,0.0,0.0,1.0000001192092896,1.0000001192092896
1.0,1.0,0.0,0.0,1.0,1.0
1.0,1.0,0.0,0.0,1.0000001192092896,1.0
1.0,1.0,0.0,0.0,0.9999999403953552,1.0000001192092896
1.0,1.0,0.0,0.0,1.0,1.0
1.0,1.0,0.0,0.0,0.9999999403953552,1.0
1.0,1.0,0.0,0.0,1.0,1.0
1.0,1.0,0.0,0.0,1.0,1.0
1.0,1.0,0.0,0.0,1.0,1.0
1.0,1.0,0.0,0.0,0.9999999403953552,1.0000001192092896
1.0,1.0,0.0,0.0,1.0,1.0000001192092896
1.0,1.0,0.0,0.0,0.9999999403953552,1.0
1.0,1.0,0.0,0.0,1.0,1.0
1.0,1.0,0.0,0.0,1.0,1.0000001192092896
1.0,1.0,0.0,0.0,1.0,1.0000001192092896
1.0,1.0,0.0,0.0,1.0,1.0
1.0,1.0,0.0,0.0,1.0,1.0
0.8392709618858273,0.8429235796427869,0.5,0.13333333333333333,0.9153173565864563,0.7006990313529968
0.9331231852409336,0.9328036209832091,0.25,0.1,0.9915636777877808,0.9283185005187988
1.0,1.0,0.0,0.0,1.0000001192092896,1.0
1.0,1.0,0.0,0.0,1.0,1.0000001192092896
1.0,1.0,0.0,0.0,1.0000001192092896,1.0000001192092896
1.0,1.0,0.0,0.0,0.9999999403953552,1.0
1.0,1.0,0.0,0.0,1.0,1.0000001192092896
0.9473684210526316,0.9473684210526316,0.2,0.09523809523809523,0.9614352583885193,0.5447077751159668
1.0,1.0,0.0,0.0,0.9999999403953552,1.0
1.0,1.0,0.0,0.0,1.0,1.0000001192092896
1.0,1.0,0.0,0.0,1.0000001192092896,1.0000001192092896
1.0,1.0,0.0,0.0,1.0,1.0
1.0,1.0,0.0,0.0,1.0,1.0
1.0,1.0,0.0,0.0,1.0,1.0
1.0,1.0,0.0,0.0,1.0,1.0000001192092896
1.0,1.0,0.0,0.0,1.0,1.0000001192092896
1.0,1.0,0.0,0.0,1.0,1.0
1.0,1.0,0.0,0.0,0.9999999403953552,1.0
1.0,1.0,0.0,0.0,1.0,1.0
0.9949500478834238,0.9951483152289207,0.25,0.06666666666666667,0.910169243812561,0.6531924605369568
1.0,1.0,0.0,0.0,1.0000001192092896,1.0
0.9263739879807464,0.9265074464999767,0.3333333333333333,0.16666666666666666,0.9984527826309204,0.7796416282653809
1.0,1.0,0.0,0.0,1.0000001192092896,1.0
1.0,1.0,0.0,0.0,1.0000001192092896,1.0
1.0,1.0,0.0,0.0,0.9999999403953552,1.0
1.0,1.0,0.0,0.0,1.0000001192092896,1.0
1.0,1.0,0.0,0.0,0.9999999403953552,1.0
