ViPS,WER,CER,BertScore,SemanticSimilarity
0.9871885238058532,0.058823529411764705,0.04597701149425287,0.9666550159454346,0.9747260808944702
1.0,0.0,0.0,0.9999999403953552,1.0
1.0,0.0,0.0,1.0,1.0
1.0,0.0,0.0,1.0,1.0
1.0,0.0,0.0,1.0000001192092896,1.0
1.0,0.0,0.0,1.0,1.0
1.0,0.0,0.0,1.0,1.0000001192092896
1.0,0.06666666666666667,0.011363636363636364,0.967893123626709,0.7835375070571899
0.9735730788552047,0.1875,0.031578947368421054,0.965701162815094,0.9162130951881409
0.946236559139785,0.047619047619047616,0.06481481481481481,0.9960199594497681,0.9467406272888184
1.0,0.0,0.0,1.0,1.0
1.0,0.0,0.0,1.0000001192092896,1.0
1.0,0.0,0.0,1.0,1.0000001192092896
1.0,0.0,0.0,1.0,1.0
1.0,0.0,0.0,1.0,1.0000001192092896
1.0,0.0,0.0,1.0,1.0000001192092896
1.0,0.0,0.0,1.0000001192092896,1.0000001192092896
1.0,0.0,0.0,0.9999999403953552,1.0000001192092896
1.0,0.0,0.0,1.0000001192092896,1.0
0.9901960784313726,0.04,0.017241379310344827,0.991349995136261,0.7630402445793152
0.999090531998116,0.05263157894736842,0.030927835051546393,0.9755616784095764,0.7430801391601562
1.0,0.0,0.0,0.9999998807907104,1.0000001192092896
1.0,0.0,0.0,0.9999999403953552,1.0
1.0,0.0,0.0,1.0,1.0000001192092896
1.0,0.0,0.0,1.0000001192092896,1.0
1.0,0.0,0.0,0.9999999403953552,1.0000001192092896
0.9880952380952381,0.05555555555555555,0.031578947368421054,0.9733125567436218,0.9832935333251953
0.9986799594610306,0.07692307692307693,0.011764705882352941,0.9668572545051575,0.6750556826591492
1.0,0.0,0.0,1.0,1.0
1.0,0.0,0.0,1.0000001192092896,1.0
1.0,0.0,0.0,1.0,1.0
1.0,0.0,0.0,1.0000001192092896,1.0000001192092896
1.0,0.0,0.0,0.9999999403953552,1.0000001192092896
1.0,0.0,0.0,0.9999999403953552,1.0
1.0,0.0,0.0,0.9999998807907104,1.0
1.0,0.0,0.0,1.0,1.0000001192092896
0.8910891089108911,0.13636363636363635,0.1,0.9770181775093079,0.9770506620407104
0.9865107673732216,0.06666666666666667,0.04395604395604396,0.9730530977249146,0.7155148386955261
1.0,0.0,0.0,0.9999998211860657,1.0
1.0,0.0,0.0,1.0,1.0
1.0,0.0,0.0,1.0,1.0
1.0,0.0,0.0,0.9999998807907104,1.0000001192092896
0.9989437544773925,0.0625,0.012658227848101266,0.968040943145752,0.5565354228019714
0.9992251327531484,0.06666666666666667,0.01,0.9770473837852478,0.9422597289085388
1.0,0.0,0.0,1.0000001192092896,1.0
0.9405967857777124,0.35294117647058826,0.11,0.9661552906036377,0.8664449453353882
0.8974358974358975,0.07692307692307693,0.11392405063291139,0.9853885173797607,0.9910795092582703
1.0,0.0,0.0,0.9999998211860657,1.0
1.0,0.0,0.0,1.0,1.0
1.0,0.0,0.0,1.0000001192092896,1.0000001192092896
0.9993392333288803,0.07692307692307693,0.0125,0.9858116507530212,0.9830947518348694
0.9774511828745521,0.07692307692307693,0.03296703296703297,0.973629355430603,0.9872603416442871
0.9665578343750088,0.1,0.026785714285714284,0.9815455079078674,0.9531550407409668
0.9897959183673469,0.11764705882352941,0.00909090909090909,0.9789124131202698,0.9468619227409363
0.9766796469310872,0.18181818181818182,0.07407407407407407,0.9384362101554871,0.8720318078994751
0.9047301005549078,0.11764705882352941,0.08536585365853659,0.9789696931838989,0.9778745770454407
0.9846153846153847,0.06666666666666667,0.012658227848101266,0.9755277633666992,0.7297126650810242
1.0,0.0,0.0,1.0,1.0
1.0,0.0,0.0,1.0,1.0
1.0,0.0,0.0,1.0,1.0000001192092896
1.0,0.0,0.0,0.9999998807907104,1.0
0.9876543209876543,0.1111111111111111,0.01020408163265306,0.9877559542655945,0.9594835042953491
1.0,0.0,0.0,1.0,1.0000001192092896
1.0,0.07142857142857142,0.012345679012345678,0.9688370823860168,0.8524051904678345
1.0,0.0,0.0,1.0000001192092896,1.0000001192092896
0.9977439817806704,0.05,0.0297029702970297,0.9825165271759033,0.9590052366256714
0.9440362008154124,0.11764705882352941,0.08045977011494253,0.948782205581665,0.813676118850708
1.0,0.0,0.0,1.0,1.0
1.0,0.0,0.0,1.000000238418579,1.0000001192092896
1.0,0.0,0.0,0.9999998211860657,1.0
0.9673273944840607,0.08333333333333333,0.04285714285714286,0.9574767351150513,0.9233279228210449
1.0,0.0,0.0,0.9999998807907104,1.0000001192092896
0.8813559322033898,0.1,0.14035087719298245,0.9729595184326172,0.9152641892433167
1.0,0.0,0.0,1.0,1.0000001192092896
1.0,0.0,0.0,0.9999999403953552,1.0
1.0,0.0,0.0,0.9999998807907104,1.0
1.0,0.0,0.0,1.0000001192092896,1.0
1.0,0.0,0.0,0.9999999403953552,1.0
1.0,0.0,0.0,1.0,1.0
1.0,0.0,0.0,1.0,1.0
0.9859154929577465,0.07692307692307693,0.012195121951219513,0.9770299792289734,0.987052321434021
0.9986756871687769,0.05263157894736842,0.02,0.9665966033935547,0.9827674627304077
1.0,0.0,0.0,0.9999999403953552,1.0
1.0,0.0,0.0,1.0,1.0
1.0,0.0,0.0,1.0,1.0
1.0,0.0,0.0,1.0,1.0
0.9809379337957875,0.09523809523809523,0.041666666666666664,0.9677103757858276,0.9171630144119263
1.0,0.0,0.0,1.0000001192092896,1.0000001192092896
0.984788990958545,0.0625,0.03896103896103896,0.9718582630157471,0.7957403659820557
1.0,0.0,0.0,1.0,1.0
1.0,0.0,0.0,1.000000238418579,1.0
1.0,0.0,0.0,0.9999998807907104,1.0
1.0,0.0,0.0,0.9999998807907104,1.0000001192092896
1.0,0.0,0.0,1.000000238418579,1.0
0.9701492537313433,0.18181818181818182,0.038461538461538464,0.9611161351203918,0.971851646900177
1.0,0.0,0.0,1.0000001192092896,1.0000001192092896
1.0,0.0,0.0,0.9999998807907104,1.0
1.0,0.0,0.0,1.000000238418579,1.0000001192092896
0.9987967509859714,0.09090909090909091,0.012987012987012988,0.9794499278068542,0.9905974268913269
1.0,0.0,0.0,1.0,1.0
1.0,0.0,0.0,0.9999998807907104,1.0
0.9994818844402613,0.08333333333333333,0.014705882352941176,0.9854913353919983,0.9905738234519958
1.0,0.0,0.0,1.0,1.0000001192092896
1.0,0.0,0.0,1.0,1.0
1.0,0.0,0.0,1.0,1.0000001192092896
0.9988098177395682,0.05555555555555555,0.05,0.9732469320297241,0.9190210700035095
0.9960195038370154,0.0625,0.011904761904761904,0.9792060852050781,0.890058696269989
1.0,0.0,0.0,1.000000238418579,1.0
1.0,0.0,0.0,1.0,1.0
1.0,0.0,0.0,1.000000238418579,1.0000001192092896
0.997873453744881,0.06666666666666667,0.022988505747126436,0.9621441960334778,0.9155271649360657
1.0,0.0,0.0,0.9999998807907104,1.0
1.0,0.0,0.0,0.9999998807907104,1.0
1.0,0.0,0.0,0.9999999403953552,1.0
1.0,0.0,0.0,1.0,1.0000001192092896
1.0,0.0,0.0,1.0,1.0
1.0,0.0,0.0,1.0,1.0
0.9993650703928945,0.09090909090909091,0.013888888888888888,0.9504106640815735,0.9392455816268921
0.9848178956885931,0.10526315789473684,0.03529411764705882,0.9836777448654175,0.9870364665985107
1.0,0.0,0.0,0.9999998211860657,1.0
1.0,0.0,0.0,0.9999998807907104,1.0
1.0,0.0,0.0,1.0000001192092896,1.0000001192092896
0.9684662048771926,0.23076923076923078,0.0759493670886076,0.9504099488258362,0.9597749710083008
1.0,0.0,0.0,0.9999998211860657,1.0000001192092896
1.0,0.07142857142857142,0.04054054054054054,0.9766443371772766,0.9570997953414917
1.0,0.0,0.0,1.0,1.0
0.9817492846865701,0.08333333333333333,0.03333333333333333,0.975258469581604,0.9576740860939026
1.0,0.0,0.0,1.0000001192092896,1.0
1.0,0.0,0.0,1.000000238418579,1.0
1.0,0.0,0.0,0.9999998807907104,1.0000001192092896
1.0,0.0,0.0,0.9999999403953552,1.0
0.9512880055090669,0.21428571428571427,0.1095890410958904,0.9283899664878845,0.6638746857643127
1.0,0.0,0.0,0.9999998807907104,1.0
1.0,0.0,0.0,1.0,1.0
1.0,0.0,0.0,0.9999999403953552,1.0
0.9983028050213251,0.07692307692307693,0.014285714285714285,0.9706739783287048,0.9016047120094299
1.0,0.0,0.0,1.0000001192092896,0.9999999403953552
1.0,0.0,0.0,1.0,1.0
1.0,0.0,0.0,0.9999998211860657,1.0
1.0,0.0,0.0,1.0000001192092896,1.0000001192092896
1.0,0.0,0.0,1.0,1.0000001192092896
1.0,0.1111111111111111,0.020833333333333332,0.9504541754722595,0.9832760095596313
1.0,0.0,0.0,0.9999999403953552,1.0
1.0,0.0,0.0,0.9999997615814209,1.0
1.0,0.07692307692307693,0.05263157894736842,0.957421064376831,0.48356005549430847
0.9693201706593821,0.15384615384615385,0.02564102564102564,0.9719845056533813,0.722796618938446
0.967741935483871,0.21428571428571427,0.025974025974025976,0.9701695442199707,0.8553650975227356
0.9988407757514451,0.18181818181818182,0.07407407407407407,0.9676307439804077,0.6588248014450073
1.0,0.0,0.0,1.0,1.0
1.0,0.0,0.0,1.0,1.0
1.0,0.0,0.0,1.0,1.0
1.0,0.0,0.0,1.0,1.0
1.0,0.0,0.0,0.9999999403953552,1.0
1.0,0.0,0.0,0.9999999403953552,1.0000001192092896
1.0,0.0,0.0,0.9999998211860657,1.0
0.9984715793031577,0.0625,0.02631578947368421,0.979435920715332,0.7428795695304871
1.0,0.0,0.0,0.9999997615814209,1.0000001192092896
1.0,0.0,0.0,1.0,1.0
1.0,0.0,0.0,1.0000001192092896,1.0
1.0,0.0,0.0,0.9999998807907104,1.0
0.998603204733713,0.1,0.019230769230769232,0.9704481959342957,0.803432822227478
1.0,0.0,0.0,0.9999999403953552,1.0
1.0,0.0,0.0,1.0000001192092896,1.0
0.9705882352941176,0.125,0.025,0.9882793426513672,0.9546056389808655
1.0,0.0,0.0,1.0,1.0000001192092896
1.0,0.0,0.0,1.0,1.0
1.0,0.0,0.0,1.0,1.0
1.0,0.0,0.0,0.9999997615814209,1.0000001192092896
1.0,0.0,0.0,0.9999999403953552,1.0
1.0,0.0,0.0,1.0,1.0
1.0,0.0,0.0,0.9999999403953552,1.0
1.0,0.0,0.0,0.9999998807907104,1.0
0.9981776695093707,0.07142857142857142,0.03278688524590164,0.9660729169845581,0.6560430526733398
1.0,0.0,0.0,1.0,1.0000001192092896
1.0,0.0,0.0,1.0,1.0
1.0,0.0,0.0,1.0,1.0
1.0,0.0,0.0,1.0,1.0
1.0,0.0,0.0,0.9999999403953552,1.0
1.0,0.0,0.0,1.0,0.9999999403953552
0.8478260869565217,0.3333333333333333,0.39215686274509803,0.954092264175415,0.8309466242790222
1.0,0.0,0.0,1.0,1.0000001192092896
1.0,0.0,0.0,0.9999998807907104,1.0
1.0,0.0,0.0,1.0,1.0
1.0,0.0,0.0,1.0,1.0000001192092896
1.0,0.0,0.0,1.0000001192092896,1.0000001192092896
1.0,0.0,0.0,1.0,1.0
1.0,0.0,0.0,0.9999999403953552,1.0
1.0,0.0,0.0,0.9999999403953552,1.0
1.0,0.0,0.0,1.0,1.0
1.0,0.0,0.0,0.9999997615814209,1.0000001192092896
1.0,0.0,0.0,1.0,1.0000001192092896
0.9990764660260283,0.1,0.041666666666666664,0.9600053429603577,0.8512580394744873
1.0,0.0,0.0,1.0,1.0
1.0,0.0,0.0,1.0000001192092896,1.0
1.0,0.0,0.0,0.9999998211860657,1.0000001192092896
1.0,0.0,0.0,0.9999998807907104,1.0000001192092896
1.0,0.0,0.0,1.0,1.0
1.0,0.125,0.02040816326530612,0.9656487107276917,0.8679556250572205
1.0,0.0,0.0,0.9999997019767761,1.0000001192092896
1.0,0.0,0.0,0.9999998807907104,1.0000001192092896
1.0,0.0,0.0,1.000000238418579,1.0
1.0,0.0,0.0,1.0,1.0000001192092896
1.0,0.0,0.0,1.0,1.0
0.9763491932987556,0.25,0.02127659574468085,0.9910936951637268,0.9601752161979675
1.0,0.0,0.0,0.9999999403953552,1.0000001192092896
1.0,0.0,0.0,1.0,1.0
1.0,0.0,0.0,1.0,1.0
1.0,0.0,0.0,1.000000238418579,1.0000001192092896
1.0,0.0,0.0,1.0,1.0
1.0,0.0,0.0,0.9999999403953552,1.0
1.0,0.0,0.0,1.0,1.0000001192092896
0.9828899543936594,0.07142857142857142,0.025974025974025976,0.9778745770454407,0.973242461681366
1.0,0.125,0.023255813953488372,0.9634682536125183,0.6346530914306641
1.0,0.0,0.0,1.0,1.0000001192092896
0.9965421448618971,0.07692307692307693,0.03278688524590164,0.9822417497634888,0.9789207577705383
1.0,0.0,0.0,0.9999998211860657,1.0000001192092896
1.0,0.0,0.0,0.9999999403953552,1.0
1.0,0.0,0.0,0.9999998807907104,1.0
1.0,0.0,0.0,0.9999998807907104,1.0000001192092896
0.9672691791309108,0.13333333333333333,0.05405405405405406,0.9495491981506348,0.6324062943458557
1.0,0.0,0.0,0.9999998807907104,1.0
1.0,0.0,0.0,1.0,1.0
1.0,0.0,0.0,1.0,1.0
1.0,0.0,0.0,1.0,1.0
1.0,0.0,0.0,1.0,1.0000001192092896
1.0,0.0,0.0,1.0000001192092896,1.0
1.0,0.0,0.0,1.0,1.0
0.9613418766129532,0.13333333333333333,0.07142857142857142,0.9593639969825745,0.8456414937973022
1.0,0.0,0.0,1.0,1.0000001192092896
1.0,0.0,0.0,1.0,1.0
0.9989218299088876,0.07692307692307693,0.03278688524590164,0.9668786525726318,0.5617445707321167
0.9976767165694466,0.14285714285714285,0.06976744186046512,0.9447715282440186,0.617445707321167
1.0,0.0,0.0,1.000000238418579,1.0
1.0,0.0,0.0,1.0,1.0000001192092896
0.9978581688013792,0.1111111111111111,0.024390243902439025,0.9503114819526672,0.9804883599281311
0.9811320754716981,0.08333333333333333,0.017857142857142856,0.9774121642112732,0.8855064511299133
0.825,0.14285714285714285,0.22857142857142856,0.9467442035675049,0.9561020731925964
1.0,0.0,0.0,1.0000001192092896,1.0000001192092896
1.0,0.0,0.0,0.9999998807907104,1.0
1.0,0.08333333333333333,0.05660377358490566,0.9978035688400269,0.9830901622772217
1.0,0.0,0.0,1.0,1.0
1.0,0.0,0.0,1.0000001192092896,1.0000001192092896
1.0,0.0,0.0,1.0,1.0
1.0,0.0,0.0,0.9999998807907104,1.0
1.0,0.0,0.0,1.0,1.0
0.92,0.09090909090909091,0.0847457627118644,0.9897822737693787,0.9900638461112976
1.0,0.0,0.0,1.0,1.0
1.0,0.0,0.0,0.9999998807907104,1.0
1.0,0.0,0.0,1.0000001192092896,1.0
1.0,0.0,0.0,1.0,1.0000001192092896
1.0,0.0,0.0,1.0,1.0
1.0,0.0,0.0,0.9999998211860657,1.0000001192092896
0.9473684210526316,0.09090909090909091,0.057971014492753624,0.9953251481056213,0.9969078302383423
1.0,0.0,0.0,1.0000001192092896,1.0
0.8823529411764706,0.2222222222222222,0.14,0.9572089314460754,0.9368987679481506
1.0,0.0,0.0,1.0,1.0000001192092896
1.0,0.0,0.0,1.0,1.0000001192092896
1.0,0.0,0.0,0.9999998807907104,1.0000001192092896
0.9979931991167619,0.09090909090909091,0.02040816326530612,0.9552167654037476,0.9279366135597229
1.0,0.0,0.0,0.9999997019767761,1.0
1.0,0.0,0.0,1.0000001192092896,1.0
1.0,0.0,0.0,1.000000238418579,1.0
1.0,0.0,0.0,1.0,1.0
0.8235294117647058,0.18181818181818182,0.171875,0.974955677986145,0.9784999489784241
1.0,0.0,0.0,1.0,1.0000001192092896
1.0,0.0,0.0,1.0,1.0
1.0,0.0,0.0,0.9999999403953552,1.0
0.9965817003634466,0.1111111111111111,0.04,0.9737346768379211,0.5839123129844666
1.0,0.0,0.0,0.9999998807907104,1.0
0.9623163625414245,0.1,0.045454545454545456,0.9443629384040833,0.8970866799354553
0.9996540965903543,0.1111111111111111,0.075,0.9456111788749695,0.8762477040290833
1.0,0.0,0.0,0.9999999403953552,1.0
1.0,0.0,0.0,1.0,1.0000001192092896
1.0,0.125,0.046511627906976744,0.9957115650177002,0.9778282046318054
1.0,0.0,0.0,1.0000001192092896,1.0
0.825,0.14285714285714285,0.23529411764705882,0.9369049668312073,0.9106522798538208
1.0,0.0,0.0,0.9999997615814209,1.0
1.0,0.0,0.0,1.0000001192092896,1.0
1.0,0.0,0.0,0.9999999403953552,1.0
1.0,0.0,0.0,0.9999998807907104,1.0
1.0,0.0,0.0,0.9999999403953552,1.0000001192092896
1.0,0.0,0.0,1.000000238418579,1.0
0.979325344628411,0.2,0.03571428571428571,0.9815222024917603,0.6897579431533813
1.0,0.0,0.0,1.0,1.0
0.9989868244376165,0.1,0.018518518518518517,0.9735860824584961,0.9106574058532715
1.0,0.0,0.0,1.0,1.0
0.9787234042553191,0.2222222222222222,0.019230769230769232,0.9918515086174011,0.9073617458343506
1.0,0.0,0.0,0.9999998807907104,1.0
1.0,0.0,0.0,0.9999998807907104,0.9999999403953552
1.0,0.0,0.0,0.9999999403953552,1.0
1.0,0.0,0.0,0.9999998807907104,1.0
1.0,0.0,0.0,1.0,1.0000001192092896
1.0,0.0,0.0,1.0,1.0000001192092896
1.0,0.0,0.0,1.0000001192092896,1.0
1.0,0.0,0.0,1.0,1.0000001192092896
1.0,0.0,0.0,1.000000238418579,1.0
1.0,0.0,0.0,1.0,1.0
1.0,0.0,0.0,1.0000001192092896,1.0000001192092896
0.9578952598932877,0.18181818181818182,0.05084745762711865,0.9607281684875488,0.9589817523956299
1.0,0.0,0.0,1.0000001192092896,1.0
1.0,0.0,0.0,1.0000001192092896,1.0
1.0,0.0,0.0,1.0,1.0
0.9090909090909091,0.1,0.11764705882352941,0.9824017286300659,0.952275276184082
1.0,0.0,0.0,1.0,1.0
0.996445671853543,0.09090909090909091,0.07547169811320754,0.9939221143722534,0.9875009059906006
0.9223232425310178,0.09090909090909091,0.08163265306122448,0.9707428812980652,0.8922038078308105
1.0,0.0,0.0,0.9999998807907104,1.0
1.0,0.0,0.0,1.000000238418579,1.0
1.0,0.0,0.0,0.9999998807907104,1.0
0.6791477312661026,0.7777777777777778,0.7547169811320755,0.8556263446807861,0.6885567307472229
0.9830508474576272,0.08333333333333333,0.043478260869565216,0.9952521324157715,0.9538504481315613
1.0,0.0,0.0,1.0,1.0000001192092896
1.0,0.0,0.0,0.9999998807907104,1.0000001192092896
1.0,0.0,0.0,0.9999998807907104,1.0
1.0,0.0,0.0,0.9999999403953552,1.0
1.0,0.0,0.0,0.9999998807907104,1.0
1.0,0.0,0.0,0.9999998807907104,1.0000001192092896
1.0,0.0,0.0,0.9999998807907104,1.0000001192092896
0.9991217998117009,0.125,0.02702702702702703,0.9766606092453003,0.8694161176681519
1.0,0.0,0.0,1.0,1.0
1.0,0.0,0.0,1.0000001192092896,1.0
1.0,0.0,0.0,0.9999998807907104,1.0000001192092896
1.0,0.0,0.0,1.0,1.0000001192092896
1.0,0.0,0.0,1.0,1.0000001192092896
1.0,0.0,0.0,0.9999999403953552,1.0000001192092896
1.0,0.0,0.0,1.0,1.0
1.0,0.0,0.0,1.0000001192092896,1.0
1.0,0.0,0.0,1.0,1.0000001192092896
1.0,0.0,0.0,1.0,1.0000001192092896
1.0,0.125,0.01818181818181818,0.9688859581947327,0.9807992577552795
1.0,0.0,0.0,1.0,1.0000001192092896
1.0,0.0,0.0,1.0,0.9999999403953552
1.0,0.0,0.0,1.0,1.0
0.9963872899920584,0.1111111111111111,0.0851063829787234,0.9545881748199463,0.7394591569900513
1.0,0.0,0.0,1.0,1.0
1.0,0.0,0.0,1.0,1.0
1.0,0.0,0.0,1.0,1.0
1.0,0.0,0.0,1.0,1.0
1.0,0.0,0.0,1.0,1.0
1.0,0.0,0.0,1.0,1.0000001192092896
1.0,0.0,0.0,1.0,1.0
0.9772727272727273,0.125,0.0392156862745098,0.9818232655525208,0.9651622176170349
1.0,0.0,0.0,1.0,1.0
1.0,0.0,0.0,0.9999999403953552,1.0
1.0,0.0,0.0,1.0,1.0
1.0,0.0,0.0,1.0,1.0
1.0,0.0,0.0,1.0,1.0
1.0,0.0,0.0,1.0000001192092896,1.0
1.0,0.0,0.0,0.9999999403953552,1.0000001192092896
1.0,0.0,0.0,1.0,1.0
1.0,0.0,0.0,1.0000001192092896,1.0000001192092896
1.0,0.0,0.0,1.0,1.0
0.975,0.25,0.022727272727272728,0.9834482669830322,0.9450119733810425
1.0,0.0,0.0,1.0,1.0
0.9230769230769231,0.09090909090909091,0.06521739130434782,0.9782066941261292,0.8884214162826538
1.0,0.0,0.0,1.0,1.0
0.9281266914904476,0.6666666666666666,0.14285714285714285,0.8642442226409912,0.645990252494812
1.0,0.0,0.0,1.0,1.0
1.0,0.0,0.0,0.9999999403953552,1.0
1.0,0.0,0.0,1.0,1.0000001192092896
1.0,0.0,0.0,1.0,1.0
1.0,0.0,0.0,1.0,1.0
1.0,0.0,0.0,1.0,1.0000001192092896
1.0,0.0,0.0,1.0,0.9999999403953552
1.0,0.0,0.0,1.0,1.0
1.0,0.0,0.0,0.9999999403953552,1.0000001192092896
1.0,0.0,0.0,1.0,1.0
1.0,0.0,0.0,1.0,1.0
0.9959111436253077,0.16666666666666666,0.058823529411764705,0.978947639465332,0.7236643433570862
1.0,0.0,0.0,1.0,1.0
1.0,0.0,0.0,1.0,1.0
1.0,0.0,0.0,1.0,1.0
1.0,0.0,0.0,1.0,1.0
1.0,0.0,0.0,0.9999999403953552,1.0000001192092896
0.9361702127659575,0.16666666666666666,0.0851063829787234,0.9898685216903687,0.9788351655006409
0.9705882352941176,0.125,0.05555555555555555,0.9573756456375122,0.886750340461731
0.975609756097561,0.1,0.02040816326530612,0.9733611941337585,0.8672789931297302
0.9782608695652174,0.25,0.0392156862745098,0.9355056881904602,0.4465160369873047
1.0,0.0,0.0,1.0,1.0
1.0,0.0,0.0,0.9999999403953552,1.0
1.0,0.0,0.0,0.9999998807907104,1.0000001192092896
1.0,0.0,0.0,1.0,1.0
0.9913648982003554,0.2222222222222222,0.044444444444444446,0.9942319989204407,0.99235999584198
1.0,0.0,0.0,1.0,1.0
1.0,0.0,0.0,1.0,1.0
1.0,0.0,0.0,1.0000001192092896,1.0000001192092896
1.0,0.0,0.0,1.0000001192092896,1.0000001192092896
1.0,0.0,0.0,1.0,1.0
1.0,0.0,0.0,1.0,1.0
1.0,0.0,0.0,1.0,1.0
0.9142857142857143,0.16666666666666666,0.07894736842105263,0.9637326598167419,0.9058904647827148
1.0,0.0,0.0,1.0,1.0000001192092896
1.0,0.0,0.0,0.9999999403953552,1.0
1.0,0.0,0.0,1.000000238418579,1.0000001192092896
1.0,0.0,0.0,1.000000238418579,1.0000001192092896
1.0,0.0,0.0,1.0,1.0
1.0,0.0,0.0,0.9999999403953552,1.0
1.0,0.0,0.0,1.000000238418579,1.0000001192092896
1.0,0.0,0.0,0.9999999403953552,1.0000001192092896
1.0,0.0,0.0,0.9999998807907104,1.0
0.8982795169353683,0.6666666666666666,0.18181818181818182,0.8389772176742554,0.5279773473739624
1.0,0.0,0.0,0.9999995827674866,1.0
1.0,0.0,0.0,1.0,1.0
0.8125,0.2727272727272727,0.19230769230769232,0.9264050722122192,0.8433507084846497
1.0,0.0,0.0,1.0,1.0
1.0,0.0,0.0,0.9999998807907104,1.0000001192092896
1.0,0.0,0.0,1.0000001192092896,1.0
1.0,0.16666666666666666,0.02564102564102564,0.9872050285339355,0.9754312038421631
1.0,0.0,0.0,1.0000001192092896,1.0
1.0,0.0,0.0,1.000000238418579,1.0
0.7948717948717949,0.125,0.2558139534883721,0.9743931293487549,0.7793355584144592
1.0,0.0,0.0,0.9999998807907104,1.0
0.99939466903312,0.2,0.12,0.9140287041664124,0.82564377784729
1.0,0.0,0.0,1.0000001192092896,1.0000001192092896
1.0,0.0,0.0,1.0000001192092896,1.0000001192092896
1.0,0.0,0.0,0.9999999403953552,1.0000001192092896
1.0,0.0,0.0,1.0,1.0000001192092896
1.0,0.0,0.0,1.0,1.0000001192092896
1.0,0.0,0.0,1.0000001192092896,1.0
0.7931034482758621,0.3333333333333333,0.20588235294117646,0.9295923113822937,0.8502964377403259
1.0,0.0,0.0,0.9999999403953552,1.0
1.0,0.0,0.0,0.9999997019767761,1.0000001192092896
0.972972972972973,0.14285714285714285,0.022222222222222223,0.9783978462219238,0.9001668691635132
1.0,0.0,0.0,0.9999998211860657,1.0000001192092896
1.0,0.0,0.0,0.9999998807907104,1.0
0.9989303839995889,0.1,0.05357142857142857,0.9692606329917908,0.8355057835578918
1.0,0.0,0.0,1.0000001192092896,1.0000001192092896
1.0,0.0,0.0,1.0,1.0
1.0,0.0,0.0,1.0,1.0
0.9951382091300977,0.2,0.030303030303030304,0.9845902323722839,0.977833092212677
1.0,0.0,0.0,1.0,1.0000001192092896
1.0,0.0,0.0,1.0,1.0
1.0,0.0,0.0,1.0,1.0
0.973527431729032,0.1111111111111111,0.022222222222222223,0.9594437479972839,0.9404712915420532
1.0,0.0,0.0,1.0,1.0
1.0,0.0,0.0,1.0,1.0
1.0,0.0,0.0,0.9999998211860657,1.0000001192092896
1.0,0.0,0.0,0.9999998807907104,1.0
1.0,0.0,0.0,1.0000001192092896,1.0000001192092896
1.0,0.0,0.0,1.0,1.0
1.0,0.0,0.0,1.0000003576278687,1.0000001192092896
1.0,0.0,0.0,1.0000001192092896,1.0
1.0,0.0,0.0,1.0,1.0
1.0,0.0,0.0,1.0,1.0
1.0,0.0,0.0,1.0000003576278687,0.9999998807907104
0.8571428571428572,0.14285714285714285,0.15625,0.994897723197937,0.9825329780578613
1.0,0.0,0.0,1.0,1.0
1.0,0.0,0.0,1.0,1.0
1.0,0.0,0.0,1.0,1.0000001192092896
0.9966567906384534,0.09090909090909091,0.020833333333333332,0.9461562633514404,0.9018526673316956
0.998572212601805,0.125,0.05,0.9510067701339722,0.8002144694328308
1.0,0.0,0.0,1.000000238418579,1.0000001192092896
1.0,0.0,0.0,0.9999998807907104,1.0000001192092896
0.9743589743589743,0.2,0.02127659574468085,0.9730905294418335,0.9484013915061951
1.0,0.0,0.0,1.000000238418579,1.0
1.0,0.0,0.0,0.9999998807907104,1.0000001192092896
1.0,0.0,0.0,0.9999998211860657,1.0
1.0,0.0,0.0,1.0,1.0000001192092896
1.0,0.0,0.0,0.9999997019767761,1.0
0.9967534106014028,0.1,0.03636363636363636,0.9664652347564697,0.8122746348381042
0.8569729298966154,0.6666666666666666,0.1935483870967742,0.9192137718200684,0.8265783786773682
1.0,0.0,0.0,1.000000238418579,1.0
0.8974358974358975,0.08333333333333333,0.0851063829787234,0.9806188941001892,0.9630085825920105
1.0,0.0,0.0,1.0,1.0
1.0,0.0,0.0,0.9999998807907104,1.0
1.0,0.0,0.0,1.0,1.0000001192092896
1.0,0.0,0.0,1.0,1.0000001192092896
0.9996331327473454,0.16666666666666666,0.02631578947368421,0.9619402289390564,0.9564698338508606
1.0,0.0,0.0,1.0000001192092896,1.0
1.0,0.0,0.0,0.9999999403953552,1.0000001192092896
1.0,0.0,0.0,1.0,1.0000001192092896
1.0,0.0,0.0,1.0,1.0
1.0,0.0,0.0,1.0000001192092896,1.0
1.0,0.0,0.0,1.0000001192092896,1.0000001192092896
1.0,0.0,0.0,1.000000238418579,1.0
1.0,0.0,0.0,1.0,1.0000001192092896
1.0,0.0,0.0,0.9999999403953552,1.0
1.0,0.0,0.0,1.000000238418579,1.0000001192092896
1.0,0.09090909090909091,0.041666666666666664,0.9581990242004395,0.6507725119590759
0.9090909090909091,0.14285714285714285,0.08333333333333333,0.9477717280387878,0.616076648235321
1.0,0.0,0.0,0.9999998211860657,1.0000001192092896
1.0,0.0,0.0,1.0,1.0000001192092896
0.9328969052168306,0.18181818181818182,0.11475409836065574,0.9395870566368103,0.5222349762916565
1.0,0.0,0.0,0.9999997615814209,1.0000001192092896
1.0,0.0,0.0,0.9999998807907104,1.0
1.0,0.0,0.0,0.9999998807907104,1.0
1.0,0.0,0.0,1.0,0.9999999403953552
1.0,0.0,0.0,0.9999998807907104,1.0
1.0,0.0,0.0,1.0000001192092896,1.0
0.9996895738631385,0.1,0.043478260869565216,0.9692428112030029,0.8861265778541565
1.0,0.0,0.0,0.9999995231628418,1.0000001192092896
1.0,0.0,0.0,0.9999998211860657,1.0000001192092896
1.0,0.0,0.0,0.9999998807907104,1.0
1.0,0.0,0.0,1.0,1.0000001192092896
1.0,0.0,0.0,1.0,1.0
1.0,0.0,0.0,1.000000238418579,1.0
1.0,0.0,0.0,0.9999999403953552,1.0
1.0,0.0,0.0,0.9999997019767761,1.0000001192092896
1.0,0.0,0.0,1.0,1.0
1.0,0.0,0.0,1.0000001192092896,1.0
1.0,0.0,0.0,1.0000001192092896,1.0
1.0,0.0,0.0,1.0,1.0000001192092896
1.0,0.0,0.0,0.9999999403953552,1.0000001192092896
1.0,0.0,0.0,1.0000001192092896,1.0000001192092896
0.9428571428571428,0.14285714285714285,0.05263157894736842,0.9617410898208618,0.862873375415802
1.0,0.0,0.0,1.0000001192092896,1.0
1.0,0.0,0.0,0.9999996423721313,1.0
1.0,0.0,0.0,1.000000238418579,1.0
1.0,0.0,0.0,0.9999999403953552,1.0000001192092896
1.0,0.0,0.0,0.9999998807907104,1.0
1.0,0.0,0.0,1.0,1.0
1.0,0.0,0.0,0.9999999403953552,1.0
0.9971979723044162,0.125,0.0425531914893617,0.9542960524559021,0.8003740906715393
1.0,0.0,0.0,1.0,1.0000001192092896
1.0,0.0,0.0,1.0,1.0000001192092896
1.0,0.0,0.0,1.0,1.0000001192092896
1.0,0.0,0.0,1.0,1.0
1.0,0.0,0.0,1.0,1.0000001192092896
1.0,0.0,0.0,1.0,1.0
0.9987794070403557,0.25,0.05,0.9879257678985596,0.9829397201538086
1.0,0.0,0.0,1.0,1.0
1.0,0.0,0.0,1.0,1.0000001192092896
0.9642857142857143,0.16666666666666666,0.030303030303030304,0.9754778146743774,0.8896332383155823
1.0,0.0,0.0,1.0,1.0
1.0,0.0,0.0,1.0,1.0
1.0,0.0,0.0,1.0,0.9999999403953552
1.0,0.0,0.0,1.0,1.0000001192092896
1.0,0.0,0.0,1.0,1.0
1.0,0.0,0.0,1.0,1.0
0.9981243034995574,0.2857142857142857,0.05,0.9920361042022705,0.9840785264968872
1.0,0.0,0.0,1.0,1.0000001192092896
1.0,0.0,0.0,1.0,1.0
0.8918918918918919,0.1111111111111111,0.1111111111111111,0.9646623134613037,0.9614081978797913
1.0,0.0,0.0,1.0000001192092896,1.0
0.9625895354493053,0.16666666666666666,0.13157894736842105,0.9779465198516846,0.8330909013748169
1.0,0.0,0.0,1.0,1.0
0.9655172413793104,0.2,0.07142857142857142,0.9259253144264221,0.5557198524475098
1.0,0.0,0.0,1.0,1.0
0.8076923076923077,0.14285714285714285,0.1935483870967742,0.9503960609436035,0.9174668788909912
1.0,0.0,0.0,0.9999999403953552,1.0
0.9505760165860553,0.2,0.04,0.9493163824081421,0.748266339302063
1.0,0.0,0.0,1.0,1.0
1.0,0.0,0.0,1.0,1.0000001192092896
0.9722386209082443,0.5,0.07894736842105263,0.9150072932243347,0.6460166573524475
1.0,0.0,0.0,1.0,1.0
1.0,0.0,0.0,1.0000001192092896,1.0000001192092896
1.0,0.0,0.0,1.0,1.0
1.0,0.0,0.0,1.0,1.0000001192092896
1.0,0.0,0.0,1.0,1.0000001192092896
1.0,0.0,0.0,1.0000001192092896,1.0
1.0,0.0,0.0,1.0,1.0
1.0,0.0,0.0,1.0,1.0
1.0,0.0,0.0,1.0,1.0
0.5608846717185509,0.6666666666666666,0.6666666666666666,0.838077962398529,0.20056042075157166
1.0,0.0,0.0,1.0000001192092896,1.0
0.9523809523809523,0.4,0.041666666666666664,0.9940090179443359,0.9436946511268616
1.0,0.0,0.0,1.0,1.0
1.0,0.0,0.0,1.0,1.0000001192092896
1.0,0.0,0.0,1.0,0.9999999403953552
1.0,0.0,0.0,0.9999998807907104,1.0
1.0,0.0,0.0,1.0,1.0000001192092896
1.0,0.0,0.0,1.0,1.0
1.0,0.0,0.0,1.0,1.0
1.0,0.0,0.0,1.0,1.0
0.8285714285714285,0.2222222222222222,0.225,0.9618422389030457,0.9596148729324341
1.0,0.0,0.0,1.0,1.0
1.0,0.0,0.0,1.000000238418579,1.0
1.0,0.0,0.0,0.9999998807907104,1.0
1.0,0.0,0.0,1.0,1.0000001192092896
1.0,0.0,0.0,1.0,1.0000001192092896
1.0,0.0,0.0,1.0,1.0000001192092896
1.0,0.0,0.0,0.9999998807907104,1.0
1.0,0.0,0.0,1.0,1.0
0.8597815455513882,0.25,0.12,0.9550620913505554,0.7646574974060059
1.0,0.0,0.0,0.9999998807907104,1.0
1.0,0.0,0.0,1.0,1.0
1.0,0.0,0.0,0.9999999403953552,1.0000001192092896
1.0,0.0,0.0,1.0000001192092896,1.0
1.0,0.0,0.0,1.0000001192092896,1.0
1.0,0.0,0.0,1.0,1.0
1.0,0.0,0.0,1.0,1.0
1.0,0.0,0.0,1.0,1.0
1.0,0.0,0.0,1.0000001192092896,1.0000001192092896
1.0,0.0,0.0,1.0,1.0000001192092896
0.8993382102160044,0.18181818181818182,0.1276595744680851,0.972575306892395,0.9278298020362854
1.0,0.0,0.0,1.0,1.0
1.0,0.0,0.0,1.0,1.0000001192092896
1.0,0.0,0.0,1.0,1.0
1.0,0.0,0.0,1.0,1.0
1.0,0.0,0.0,1.0,1.0
1.0,0.0,0.0,1.0,1.0
1.0,0.0,0.0,1.0,1.0000001192092896
1.0,0.0,0.0,1.0,1.0
0.9117647058823529,0.14285714285714285,0.05714285714285714,0.9831463694572449,0.9689012169837952
1.0,0.0,0.0,1.0,1.0
1.0,0.0,0.0,1.0,1.0
1.0,0.0,0.0,1.000000238418579,1.0
1.0,0.0,0.0,1.0,1.0000001192092896
1.0,0.0,0.0,1.0000001192092896,1.0
1.0,0.0,0.0,1.0,1.0
1.0,0.14285714285714285,0.02631578947368421,0.9778628349304199,0.8867314457893372
1.0,0.0,0.0,1.0,1.0
1.0,0.0,0.0,1.0,1.0
1.0,0.14285714285714285,0.024390243902439025,0.957344651222229,0.3114498257637024
1.0,0.0,0.0,1.0,1.0000001192092896
1.0,0.0,0.0,1.0,1.0
1.0,0.0,0.0,0.9999998807907104,1.0
1.0,0.0,0.0,1.0,1.0
1.0,0.0,0.0,1.0,1.0
1.0,0.0,0.0,1.0,0.9999998807907104
1.0,0.0,0.0,1.0,1.0000001192092896
1.0,0.0,0.0,0.9999999403953552,1.0
0.9692472676380218,0.1,0.05128205128205128,0.9793707728385925,0.9273465871810913
1.0,0.0,0.0,1.0,1.0000001192092896
1.0,0.0,0.0,1.0,1.0
1.0,0.0,0.0,1.0,1.0
1.0,0.0,0.0,1.0,1.0
1.0,0.0,0.0,1.0,1.0
0.9280610898219995,0.6666666666666666,0.09375,0.8838878273963928,0.5735701322555542
1.0,0.0,0.0,1.0,1.0000001192092896
1.0,0.0,0.0,1.0,1.0
1.0,0.0,0.0,1.0,1.0000001192092896
1.0,0.0,0.0,1.0,1.0
0.9996727940719567,0.125,0.022222222222222223,0.9640125036239624,0.6392034292221069
1.0,0.0,0.0,1.0,1.0
1.0,0.0,0.0,0.9999999403953552,1.0
0.9572545159664307,0.2222222222222222,0.11627906976744186,0.9454688429832458,0.9587358236312866
1.0,0.0,0.0,1.0,1.0000001192092896
1.0,0.0,0.0,1.0,1.0
1.0,0.25,0.04,0.9185748100280762,0.5986470580101013
1.0,0.0,0.0,0.9999999403953552,1.0
1.0,0.0,0.0,1.0000001192092896,1.0
1.0,0.0,0.0,1.0,1.0000001192092896
1.0,0.0,0.0,1.0,1.0
1.0,0.0,0.0,1.0000001192092896,1.0
1.0,0.0,0.0,0.9999998807907104,1.0
1.0,0.0,0.0,1.0,1.0
1.0,0.0,0.0,0.9999998807907104,1.0
1.0,0.0,0.0,1.0,1.0
1.0,0.0,0.0,1.0,1.0000001192092896
1.0,0.0,0.0,1.0,1.0
1.0,0.0,0.0,0.9999999403953552,1.0000001192092896
1.0,0.0,0.0,1.0,1.0
1.0,0.0,0.0,1.0,1.0
0.9442051365668369,0.25,0.06382978723404255,0.9553864598274231,0.758446216583252
1.0,0.0,0.0,1.0000001192092896,1.0
1.0,0.0,0.0,1.0,1.0
1.0,0.0,0.0,1.0000001192092896,1.0
1.0,0.0,0.0,1.0,1.0
0.9062325533370453,0.3,0.19047619047619047,0.9367949366569519,0.4507908523082733
1.0,0.0,0.0,1.0,1.0
1.0,0.0,0.0,1.0,1.0
1.0,0.0,0.0,1.0,1.0
1.0,0.0,0.0,1.0,1.0
0.9440542983926932,0.5,0.21739130434782608,0.8605812788009644,0.49595606327056885
0.9583333333333334,0.16666666666666666,0.0967741935483871,0.9544731378555298,0.9384387135505676
1.0,0.0,0.0,1.0,1.0000001192092896
1.0,0.0,0.0,0.9999998807907104,1.0000001192092896
1.0,0.0,0.0,1.0,1.0000001192092896
1.0,0.0,0.0,1.0000001192092896,1.0
1.0,0.0,0.0,1.0,1.0000001192092896
1.0,0.0,0.0,1.0,1.0
1.0,0.0,0.0,1.0,1.000000238418579
1.0,0.0,0.0,1.0,1.0000001192092896
1.0,0.0,0.0,1.0,1.0000001192092896
0.9877115859005059,0.5,0.06666666666666667,0.9842858910560608,0.9787140488624573
1.0,0.0,0.0,1.0,1.0
1.0,0.0,0.0,1.0,1.0
1.0,0.0,0.0,1.0,1.0
1.0,0.0,0.0,1.0000001192092896,1.0
1.0,0.0,0.0,1.0,1.0000001192092896
1.0,0.0,0.0,0.9999999403953552,1.0000001192092896
1.0,0.0,0.0,0.9999999403953552,1.0000001192092896
1.0,0.0,0.0,1.0,1.0000001192092896
1.0,0.0,0.0,1.0000001192092896,0.9999999403953552
1.0,0.0,0.0,1.0,1.0000001192092896
1.0,0.0,0.0,0.9999999403953552,1.0
1.0,0.0,0.0,1.0,1.0
0.9973049130276913,0.2,0.09375,0.9868702292442322,0.9082526564598083
0.9405104098433525,0.14285714285714285,0.05405405405405406,0.9448963403701782,0.5602349042892456
0.9988853612994665,0.2857142857142857,0.1,0.9206690192222595,0.6069934368133545
1.0,0.0,0.0,1.0,1.0
1.0,0.0,0.0,1.0,0.9999999403953552
1.0,0.0,0.0,1.0,1.0
1.0,0.0,0.0,1.0,1.0
1.0,0.0,0.0,1.0,1.0
0.8787878787878788,0.1,0.09090909090909091,0.9677099585533142,0.9646637439727783
1.0,0.0,0.0,1.0,1.0
1.0,0.0,0.0,1.0,1.0000001192092896
1.0,0.0,0.0,1.0,1.0
1.0,0.0,0.0,1.0,1.0
1.0,0.0,0.0,0.9999999403953552,1.0
1.0,0.0,0.0,1.0,1.0
1.0,0.0,0.0,1.0,1.0
1.0,0.0,0.0,1.0,1.0000001192092896
1.0,0.0,0.0,1.0,1.0000001192092896
0.8611111111111112,0.2,0.13333333333333333,0.9642475247383118,0.7834975719451904
1.0,0.0,0.0,1.0,1.0
1.0,0.0,0.0,1.0,1.0
1.0,0.0,0.0,1.0,1.0
1.0,0.0,0.0,0.9999998807907104,1.0
1.0,0.0,0.0,1.0000001192092896,1.0000001192092896
1.0,0.0,0.0,1.0,1.0
1.0,0.0,0.0,1.0,1.0
1.0,0.0,0.0,1.0,1.0
1.0,0.0,0.0,1.0,1.0
1.0,0.0,0.0,1.0,1.0
1.0,0.0,0.0,1.0000001192092896,1.0
1.0,0.0,0.0,1.0,1.0000001192092896
1.0,0.0,0.0,1.0,1.0
0.9993628095085474,0.2,0.1,0.9314919114112854,0.30889883637428284
1.0,0.0,0.0,1.0,1.0
1.0,0.0,0.0,1.0,1.0000001192092896
1.0,0.0,0.0,1.0,1.0
1.0,0.0,0.0,1.0,1.0000001192092896
1.0,0.0,0.0,1.0,1.0000001192092896
1.0,0.0,0.0,1.0000001192092896,1.0000001192092896
1.0,0.0,0.0,1.0000001192092896,1.0000001192092896
1.0,0.0,0.0,1.0,1.0000001192092896
1.0,0.0,0.0,1.0,1.0000001192092896
1.0,0.25,0.045454545454545456,0.9421268105506897,0.8614069223403931
1.0,0.0,0.0,1.0,1.0000001192092896
1.0,0.0,0.0,0.9999999403953552,1.0
1.0,0.0,0.0,1.0,1.0
0.9946906722032515,0.25,0.1,0.9592019319534302,0.6315401196479797
1.0,0.0,0.0,1.0,1.0
1.0,0.0,0.0,1.0000001192092896,1.0
1.0,0.0,0.0,1.0,1.0000001192092896
1.0,0.0,0.0,1.0,1.0
1.0,0.0,0.0,0.9999999403953552,1.0
1.0,0.0,0.0,1.0,1.0
1.0,0.0,0.0,1.0,1.0
1.0,0.0,0.0,1.0,1.0
1.0,0.0,0.0,1.0,1.0000001192092896
1.0,0.0,0.0,1.0,1.0000001192092896
1.0,0.0,0.0,1.0,1.0
1.0,0.0,0.0,1.0,1.0
1.0,0.0,0.0,1.0,1.0
1.0,0.0,0.0,0.9999998807907104,1.0000001192092896
1.0,0.0,0.0,1.0,1.0
1.0,0.0,0.0,1.0,1.0
1.0,0.125,0.09090909090909091,0.9636963605880737,0.4516632556915283
1.0,0.0,0.0,1.0,1.0
1.0,0.0,0.0,0.9999999403953552,1.0000001192092896
1.0,0.0,0.0,1.0,1.0
0.9993274100368,0.25,0.10526315789473684,0.9340118169784546,0.462804913520813
1.0,0.0,0.0,1.0,1.0
1.0,0.0,0.0,1.0,1.0
1.0,0.0,0.0,1.0,1.0
1.0,0.0,0.0,1.0,1.0
1.0,0.0,0.0,1.0,1.0
1.0,0.0,0.0,1.0,1.0000001192092896
1.0,0.0,0.0,1.0000001192092896,1.0000001192092896
1.0,0.0,0.0,1.0,1.0000001192092896
1.0,0.0,0.0,1.0,1.0
1.0,0.0,0.0,1.0,1.0
1.0,0.0,0.0,1.0,1.0000001192092896
1.0,0.0,0.0,1.0,1.0000001192092896
1.0,0.0,0.0,1.0,1.0000001192092896
0.9488547159008173,0.25,0.08333333333333333,0.9550483226776123,0.9317144155502319
1.0,0.0,0.0,1.0,1.0000001192092896
0.9957929582516762,0.2,0.07692307692307693,0.9565158486366272,0.4594530463218689
1.0,0.0,0.0,1.0,1.0
1.0,0.0,0.0,1.0,1.0
1.0,0.0,0.0,1.0,1.0
1.0,0.0,0.0,1.0,1.0000001192092896
0.99680504814547,0.2,0.06451612903225806,0.9241828322410583,0.8235853910446167
0.9995157352264961,0.16666666666666666,0.034482758620689655,0.954231858253479,0.6943299174308777
0.9976944355206719,0.4,0.1111111111111111,0.9937649965286255,0.9447433948516846
1.0,0.0,0.0,1.0,1.0
1.0,0.0,0.0,1.0,1.0
1.0,0.0,0.0,1.0,1.0
1.0,0.0,0.0,0.9999999403953552,1.0000001192092896
1.0,0.0,0.0,1.0,1.0000001192092896
1.0,0.0,0.0,1.0,1.0
1.0,0.0,0.0,1.0,1.0
1.0,0.0,0.0,1.0,1.0
1.0,0.0,0.0,1.0,1.0
1.0,0.0,0.0,1.0,1.0000001192092896
1.0,0.0,0.0,1.0,1.0
1.0,0.0,0.0,1.0,1.0
1.0,0.0,0.0,0.9999999403953552,1.0
1.0,0.0,0.0,1.0,1.0
1.0,0.0,0.0,1.0,1.0
1.0,0.0,0.0,1.0,1.0000001192092896
0.995822491856043,0.2,0.06896551724137931,0.9123244285583496,0.5274015069007874
1.0,0.0,0.0,1.0,1.0000001192092896
1.0,0.0,0.0,1.0000001192092896,1.0
1.0,0.0,0.0,1.0,1.0000001192092896
1.0,0.0,0.0,1.0,1.0000001192092896
1.0,0.0,0.0,1.0,1.0
1.0,0.0,0.0,1.0,1.0000001192092896
1.0,0.0,0.0,1.0,1.0
1.0,0.0,0.0,1.0,1.0000001192092896
1.0,0.0,0.0,1.0000001192092896,1.0
1.0,0.0,0.0,1.0,1.0
1.0,0.0,0.0,0.9999999403953552,1.0
1.0,0.0,0.0,1.0,1.0000001192092896
1.0,0.0,0.0,1.0,1.0
1.0,0.0,0.0,1.0,1.0000001192092896
1.0,0.0,0.0,1.0,1.0
1.0,0.0,0.0,1.0,1.0
1.0,0.0,0.0,1.0000001192092896,1.0
1.0,0.0,0.0,1.0,1.0000001192092896
1.0,0.0,0.0,1.0,1.0
1.0,0.0,0.0,1.0000001192092896,1.0
1.0,0.0,0.0,0.9999999403953552,1.0000001192092896
1.0,0.0,0.0,1.0,1.0
1.0,0.0,0.0,1.0,1.0000001192092896
1.0,0.0,0.0,1.0,1.0
1.0,0.0,0.0,1.0,1.0
1.0,0.0,0.0,1.0,1.0
1.0,0.0,0.0,1.0,1.0000001192092896
1.0,0.0,0.0,1.0,1.0
1.0,0.0,0.0,1.0,1.0
1.0,0.0,0.0,1.0,1.0000001192092896
1.0,0.0,0.0,0.9999999403953552,1.0
1.0,0.0,0.0,1.0,1.0
1.0,0.0,0.0,0.9999998807907104,1.0
1.0,0.0,0.0,1.0000001192092896,1.0000001192092896
1.0,0.0,0.0,1.0,0.9999999403953552
1.0,0.0,0.0,1.0000001192092896,1.0
1.0,0.0,0.0,1.0,1.0000001192092896
1.0,0.0,0.0,1.0000001192092896,1.0
1.0,0.0,0.0,1.0,1.0000001192092896
1.0,0.0,0.0,1.0,1.0
1.0,0.0,0.0,1.0,1.0000001192092896
1.0,0.0,0.0,1.0,1.0
1.0,0.0,0.0,1.0,1.0
1.0,0.0,0.0,1.0,1.0
1.0,0.0,0.0,1.0000001192092896,1.0000001192092896
1.0,0.0,0.0,0.9999999403953552,1.0
1.0,0.0,0.0,1.0,1.0
0.9615384615384616,0.16666666666666666,0.10344827586206896,0.9518507122993469,0.5489372611045837
1.0,0.0,0.0,1.0000001192092896,1.0
1.0,0.0,0.0,0.9999999403953552,1.0
1.0,0.0,0.0,1.0,1.0
1.0,0.0,0.0,1.0,1.0
1.0,0.0,0.0,1.0,1.0
1.0,0.0,0.0,1.0,1.0
1.0,0.0,0.0,1.0,1.0
0.7894736842105263,0.5,0.3684210526315789,0.8870278596878052,0.7510319948196411
1.0,0.0,0.0,0.9999999403953552,1.0
1.0,0.0,0.0,1.0,1.0000001192092896
1.0,0.0,0.0,1.0,1.0
1.0,0.0,0.0,1.0,1.0
1.0,0.25,0.043478260869565216,0.9642704725265503,0.4374980032444
0.9920432071421107,0.25,0.05263157894736842,0.8838656544685364,0.41429850459098816
1.0,0.0,0.0,1.0,1.0000001192092896
0.9509812599385569,0.16666666666666666,0.11538461538461539,0.9838818311691284,0.9611378908157349
1.0,0.0,0.0,1.0,1.0
1.0,0.0,0.0,1.0,1.0000001192092896
1.0,0.0,0.0,1.0,1.0
1.0,0.0,0.0,0.9999999403953552,1.0000001192092896
1.0,0.0,0.0,1.0,1.0000001192092896
1.0,0.0,0.0,1.0,1.0000001192092896
1.0,0.0,0.0,1.0,1.0
1.0,0.0,0.0,1.0,1.0
1.0,0.0,0.0,1.0000001192092896,1.0
1.0,0.0,0.0,0.9999999403953552,1.0000001192092896
1.0,0.0,0.0,1.0,1.0000001192092896
1.0,0.0,0.0,1.0,1.0
1.0,0.0,0.0,1.0,1.0
1.0,0.0,0.0,0.9999998807907104,1.0
1.0,0.0,0.0,1.0,0.9999999403953552
1.0,0.0,0.0,1.0,1.0
1.0,0.0,0.0,1.0,1.0
1.0,0.0,0.0,0.9999998807907104,1.0000001192092896
1.0,0.0,0.0,1.0,1.0000001192092896
1.0,0.0,0.0,1.0,1.0
1.0,0.0,0.0,1.0,1.0000001192092896
1.0,0.0,0.0,1.0,1.0
1.0,0.0,0.0,1.0,1.0
1.0,0.0,0.0,1.0,1.0000001192092896
1.0,0.0,0.0,1.0,1.0
1.0,0.0,0.0,1.0,1.0000001192092896
1.0,0.0,0.0,1.000000238418579,1.0
1.0,0.0,0.0,1.0,1.0
1.0,0.0,0.0,1.0,1.0000001192092896
1.0,0.0,0.0,1.0,1.0
0.8408863145456795,0.4,0.3157894736842105,0.9389282464981079,0.587879478931427
1.0,0.0,0.0,1.0,1.0
1.0,0.0,0.0,1.0,1.0000001192092896
1.0,0.0,0.0,0.9999999403953552,1.0
1.0,0.0,0.0,1.0,1.0
1.0,0.0,0.0,1.0,1.0
1.0,0.0,0.0,1.0,1.0
1.0,0.0,0.0,1.0,1.0
1.0,0.0,0.0,1.0000001192092896,1.0
1.0,0.0,0.0,1.0,1.0
1.0,0.0,0.0,1.0,1.0
1.0,0.0,0.0,1.0,1.0
1.0,0.0,0.0,1.0,1.0
1.0,0.0,0.0,1.0000001192092896,1.0
1.0,0.0,0.0,1.0,1.0000001192092896
1.0,0.0,0.0,1.0,1.0
1.0,0.0,0.0,1.0,1.0
0.9532386337768156,0.2,0.08,0.9593390226364136,0.48505717515945435
1.0,0.0,0.0,1.0,1.0000001192092896
1.0,0.0,0.0,1.0,1.0
1.0,0.0,0.0,0.9999998807907104,1.0
1.0,0.0,0.0,1.0,1.0
1.0,0.0,0.0,1.0,1.0
1.0,0.0,0.0,1.0,1.0
1.0,0.0,0.0,1.0,1.0
1.0,0.0,0.0,1.0,1.0000001192092896
1.0,0.0,0.0,1.0,1.0000001192092896
0.9903182191943379,0.25,0.05405405405405406,0.9968777298927307,0.9837400317192078
1.0,0.0,0.0,1.0,1.0000001192092896
1.0,0.0,0.0,1.0,1.0
1.0,0.3333333333333333,0.047619047619047616,0.9713945984840393,0.6482402682304382
1.0,0.0,0.0,1.0,1.0
1.0,0.0,0.0,0.9999999403953552,1.0
1.0,0.0,0.0,1.000000238418579,1.0
1.0,0.0,0.0,1.0,1.0
1.0,0.0,0.0,1.0,1.0000001192092896
1.0,0.0,0.0,1.0,1.0
1.0,0.0,0.0,1.0,1.0000001192092896
1.0,0.0,0.0,1.0,1.0
1.0,0.0,0.0,1.0,1.0000001192092896
1.0,0.0,0.0,1.0,1.0
0.9473684210526316,0.25,0.05,0.9638413190841675,0.31983011960983276
0.9986811603933923,0.25,0.034482758620689655,0.9793499708175659,0.8856356739997864
1.0,0.0,0.0,1.0,1.0000001192092896
1.0,0.0,0.0,0.9999999403953552,1.0000001192092896
1.0,0.0,0.0,1.0,1.0
0.9615384615384616,0.2,0.07407407407407407,0.9247826337814331,0.6341469287872314
1.0,0.0,0.0,0.9999999403953552,1.0
1.0,0.0,0.0,0.9999999403953552,1.0
1.0,0.0,0.0,1.0,1.0
0.9596071091188302,0.14285714285714285,0.07407407407407407,0.9847069978713989,0.9717787504196167
1.0,0.0,0.0,1.0000001192092896,1.0
0.8461538461538461,0.16666666666666666,0.12903225806451613,0.9510037899017334,0.9117291569709778
1.0,0.0,0.0,1.0,1.0
1.0,0.0,0.0,1.0,1.0
1.0,0.0,0.0,1.0,1.0000001192092896
1.0,0.0,0.0,1.0,1.0000001192092896
0.9428300844651571,0.6666666666666666,0.05263157894736842,0.8840713500976562,0.6047446131706238
1.0,0.0,0.0,1.0,1.0000001192092896
1.0,0.0,0.0,1.0,1.0000001192092896
1.0,0.0,0.0,1.0,1.0
1.0,0.0,0.0,0.9999999403953552,1.0
1.0,0.0,0.0,1.0,1.0
1.0,0.0,0.0,1.0,1.0000001192092896
0.9984629570137813,0.2857142857142857,0.0625,0.9913207292556763,0.9663455486297607
1.0,0.0,0.0,0.9999999403953552,1.0
1.0,0.0,0.0,1.0000001192092896,1.0
1.0,0.0,0.0,1.0,1.0
1.0,0.0,0.0,1.0,1.0
1.0,0.0,0.0,1.0,1.0
1.0,0.0,0.0,0.9999999403953552,1.0
1.0,0.0,0.0,1.0,1.0000001192092896
1.0,0.0,0.0,1.0,1.0
1.0,0.0,0.0,1.0,1.0000001192092896
1.0,0.0,0.0,1.0,1.0000001192092896
1.0,0.0,0.0,1.0,1.0
1.0,0.0,0.0,0.9999999403953552,1.0
1.0,0.0,0.0,1.0,1.0
1.0,0.0,0.0,1.0,1.0
1.0,0.16666666666666666,0.03571428571428571,0.9579659700393677,0.3724745512008667
1.0,0.0,0.0,1.0,1.0000001192092896
1.0,0.0,0.0,1.0,1.0
1.0,0.0,0.0,1.0,1.0
1.0,0.0,0.0,1.0,1.0
1.0,0.0,0.0,1.0,1.0
1.0,0.0,0.0,1.0,1.0
1.0,0.0,0.0,1.0,1.0000001192092896
1.0,0.0,0.0,1.0,1.0
1.0,0.3333333333333333,0.14285714285714285,0.9140034317970276,0.5127020478248596
1.0,0.0,0.0,1.0,1.0
1.0,0.0,0.0,1.0000001192092896,1.0
1.0,0.0,0.0,1.0,1.0
1.0,0.0,0.0,0.9999999403953552,1.0
1.0,0.0,0.0,1.0,1.0000001192092896
1.0,0.0,0.0,1.0,1.0
0.9319613988235651,0.6666666666666666,0.0625,0.9348396062850952,0.547392725944519
0.873791063693943,0.16666666666666666,0.07142857142857142,0.9826672077178955,0.9197272658348083
0.9118752286385071,0.25,0.06666666666666667,0.9917218685150146,0.9666336178779602
0.9166666666666666,0.6666666666666666,0.08333333333333333,0.9705560207366943,0.887704610824585
1.0,0.0,0.0,1.0,1.0000001192092896
1.0,0.0,0.0,1.0,1.0000001192092896
1.0,0.0,0.0,0.9999998807907104,1.0
1.0,0.0,0.0,1.0,1.0000001192092896
1.0,0.0,0.0,1.0000001192092896,1.0
1.0,0.0,0.0,1.0,1.0000001192092896
1.0,0.0,0.0,1.0,1.0000001192092896
1.0,0.0,0.0,1.0,1.0000001192092896
1.0,0.0,0.0,1.0,1.0
1.0,0.0,0.0,1.0,1.0
1.0,0.0,0.0,1.0,1.0
0.8756826218870809,0.2857142857142857,0.20689655172413793,0.9138718843460083,0.5974337458610535
1.0,0.0,0.0,1.0,1.0
1.0,0.0,0.0,1.0,1.0
1.0,0.0,0.0,1.0,1.0
1.0,0.0,0.0,1.0,1.0000001192092896
1.0,0.0,0.0,1.0,1.0000001192092896
1.0,0.0,0.0,1.0,1.0
1.0,0.0,0.0,1.0,1.0
1.0,0.0,0.0,1.0,1.0000001192092896
1.0,0.0,0.0,0.9999999403953552,1.0
1.0,0.0,0.0,1.0,1.0000001192092896
1.0,0.0,0.0,0.9999999403953552,1.0000001192092896
0.9976274307477021,0.16666666666666666,0.09375,0.9246318340301514,0.5107366442680359
1.0,0.0,0.0,1.0,1.0000001192092896
1.0,0.0,0.0,1.0,1.0
1.0,0.0,0.0,1.0,1.0
1.0,0.0,0.0,1.0,1.0000001192092896
1.0,0.0,0.0,1.0000001192092896,1.0000001192092896
0.6521739130434783,0.16666666666666666,0.3333333333333333,0.9731635451316833,0.854488730430603
1.0,0.0,0.0,1.0,1.0
1.0,0.0,0.0,1.0,1.0000001192092896
1.0,0.0,0.0,1.0,1.0000001192092896
1.0,0.0,0.0,1.0,1.0
1.0,0.0,0.0,1.0,1.0
1.0,0.0,0.0,0.9999999403953552,1.0
1.0,0.0,0.0,0.9999999403953552,1.0000001192092896
1.0,0.0,0.0,1.0,1.0
1.0,0.0,0.0,0.9999999403953552,1.0
0.9411764705882353,0.4,0.041666666666666664,0.9668958187103271,0.8447895050048828
1.0,0.0,0.0,0.9999999403953552,1.0
1.0,0.0,0.0,1.0000001192092896,1.0
1.0,0.0,0.0,1.0,1.0000001192092896
1.0,0.0,0.0,0.9999999403953552,1.0
1.0,0.0,0.0,1.0,1.0000001192092896
0.8071139768953064,0.6,0.36,0.860615611076355,0.626508891582489
1.0,0.0,0.0,0.9999999403953552,1.0
1.0,0.0,0.0,1.0,1.0
1.0,0.0,0.0,1.000000238418579,1.0000001192092896
1.0,0.0,0.0,1.0,1.0
1.0,0.0,0.0,1.0,1.0000001192092896
1.0,0.0,0.0,1.0,1.0
1.0,0.0,0.0,1.0000001192092896,1.0000001192092896
1.0,0.0,0.0,0.9999999403953552,1.0
1.0,0.0,0.0,1.0,1.0
1.0,0.0,0.0,1.0,1.0
1.0,0.0,0.0,1.0,1.0000001192092896
1.0,0.0,0.0,1.0,1.0
1.0,0.0,0.0,1.0,1.0
1.0,0.0,0.0,1.0,1.0
1.0,0.0,0.0,1.0,1.0000001192092896
0.9936023263764947,0.16666666666666666,0.125,0.9456769824028015,0.9005605578422546
0.8985509696893065,0.25,0.18181818181818182,0.9506865739822388,0.3619702458381653
1.0,0.0,0.0,1.0,1.0
1.0,0.0,0.0,1.0,1.0000001192092896
0.9413600542170557,0.5,0.2727272727272727,0.9172284007072449,0.7432558536529541
1.0,0.0,0.0,1.0,1.0
1.0,0.0,0.0,1.0,1.0000001192092896
1.0,0.0,0.0,1.0,1.0
1.0,0.0,0.0,1.0,1.0
1.0,0.0,0.0,1.0,1.0000001192092896
1.0,0.0,0.0,0.9999998807907104,1.0000001192092896
1.0,0.0,0.0,0.9999998807907104,1.0
1.0,0.0,0.0,1.0,1.0000001192092896
1.0,0.0,0.0,0.9999999403953552,1.0
1.0,0.0,0.0,1.0,1.0000001192092896
1.0,0.0,0.0,1.0,1.0000001192092896
1.0,0.0,0.0,1.0,1.0
1.0,0.0,0.0,1.0,1.0
1.0,0.0,0.0,1.0,1.0
1.0,0.0,0.0,0.9999999403953552,1.0
1.0,0.0,0.0,0.9999999403953552,1.0
1.0,0.0,0.0,1.0,1.0000001192092896
1.0,0.0,0.0,1.0000001192092896,1.0
1.0,0.0,0.0,1.0,1.0000001192092896
1.0,0.0,0.0,1.0,1.0
1.0,0.0,0.0,0.9999999403953552,1.0
1.0,0.0,0.0,1.0000001192092896,1.0
1.0,0.0,0.0,1.0,1.0
1.0,0.0,0.0,1.0000001192092896,1.0000001192092896
1.0,0.0,0.0,1.0,1.0
1.0,0.0,0.0,1.0,1.0
1.0,0.0,0.0,1.0,1.0
1.0,0.0,0.0,1.0,1.0
1.0,0.0,0.0,1.0,1.0000001192092896
1.0,0.0,0.0,1.0,1.0
1.0,0.0,0.0,1.0,1.0
1.0,0.0,0.0,1.0,1.0
1.0,0.0,0.0,1.0000001192092896,1.0000001192092896
1.0,0.0,0.0,1.0,1.0000001192092896
1.0,0.0,0.0,1.0,1.0
1.0,0.0,0.0,1.0,1.0000001192092896
1.0,0.0,0.0,0.9999999403953552,1.0
1.0,0.0,0.0,1.0,1.0000001192092896
1.0,0.0,0.0,1.0,1.0
0.9285714285714286,0.25,0.10526315789473684,0.9214499592781067,0.581859290599823
1.0,0.0,0.0,1.0,1.0
1.0,0.3333333333333333,0.05263157894736842,0.9219015836715698,0.6315115094184875
1.0,0.0,0.0,1.0000001192092896,1.0
1.0,0.0,0.0,1.0,1.0000001192092896
1.0,0.0,0.0,1.0,1.0
1.0,0.0,0.0,1.0000001192092896,1.0
1.0,0.0,0.0,1.0,1.0
1.0,0.0,0.0,1.0,1.0000001192092896
1.0,0.0,0.0,1.0,1.0
0.9978272800462249,0.2,0.13043478260869565,0.9289324283599854,0.6628588438034058
1.0,0.0,0.0,1.0,1.0
1.0,0.0,0.0,1.0,1.0
1.0,0.0,0.0,0.9999999403953552,1.0
1.0,0.0,0.0,1.0,1.0000001192092896
1.0,0.0,0.0,0.9999999403953552,1.0000001192092896
1.0,0.0,0.0,0.9999999403953552,1.0
1.0,0.0,0.0,1.0,1.0
1.0,0.0,0.0,1.0,1.0
1.0,0.0,0.0,1.0,1.0
1.0,0.0,0.0,1.0,1.0000001192092896
1.0,0.0,0.0,0.9999999403953552,1.0000001192092896
1.0,0.0,0.0,1.0,1.0
1.0,0.0,0.0,1.0,1.0000001192092896
1.0,0.0,0.0,1.0,1.0000001192092896
1.0,0.0,0.0,1.0,1.0000001192092896
1.0,0.0,0.0,1.0,1.0
0.9411764705882353,0.25,0.045454545454545456,0.9554987549781799,0.9522743821144104
1.0,0.0,0.0,1.0,1.0
1.0,0.0,0.0,1.0,1.0
0.9232820738512258,0.3333333333333333,0.07142857142857142,0.896943211555481,0.6718018054962158
1.0,0.0,0.0,1.0,1.0
1.0,0.0,0.0,1.0,1.0
0.8461538461538461,0.6666666666666666,0.125,0.905104398727417,0.3109373450279236
1.0,0.0,0.0,1.0,1.0
0.9267326905094044,0.5,0.125,0.8652257919311523,0.41559112071990967
1.0,0.0,0.0,1.0,1.0000001192092896
1.0,0.0,0.0,1.0,1.0000001192092896
1.0,0.0,0.0,1.0,1.0000001192092896
1.0,0.0,0.0,0.9999999403953552,1.0000001192092896
1.0,0.0,0.0,1.0,1.0000001192092896
1.0,0.0,0.0,1.0,1.0000001192092896
1.0,0.0,0.0,1.0,1.0
1.0,0.0,0.0,1.0,1.0
0.8627637731601385,0.5,0.2608695652173913,0.8819367289543152,0.7805411219596863
1.0,0.0,0.0,0.9999999403953552,1.0
1.0,0.0,0.0,1.0,1.0
1.0,0.0,0.0,1.0,1.0000001192092896
1.0,0.0,0.0,0.9999999403953552,1.0000001192092896
0.9101045613703092,0.5,0.13043478260869565,0.9172309041023254,0.6471335887908936
1.0,0.0,0.0,1.0,1.0
1.0,0.0,0.0,1.0,1.0000001192092896
1.0,0.0,0.0,1.0,1.0000001192092896
1.0,0.0,0.0,0.9999999403953552,1.0000001192092896
1.0,0.0,0.0,1.0,1.0
1.0,0.0,0.0,0.9999999403953552,1.0
1.0,0.0,0.0,1.0,1.0
1.0,0.0,0.0,1.0,1.0000001192092896
1.0,0.0,0.0,1.0,1.0
1.0,0.0,0.0,1.0,1.0
1.0,0.0,0.0,1.0,1.0
1.0,0.0,0.0,1.0,0.9999998807907104
1.0,0.0,0.0,1.0,1.0
0.9983670254838719,0.25,0.05263157894736842,0.944731593132019,0.5430810451507568
1.0,0.0,0.0,1.0,1.0000001192092896
1.0,0.0,0.0,1.0,1.0
1.0,0.0,0.0,1.0,1.0
1.0,0.0,0.0,1.0,1.0000001192092896
1.0,0.0,0.0,1.0,1.0
1.0,0.0,0.0,1.0,1.0000001192092896
1.0,0.0,0.0,1.0,1.0000001192092896
1.0,0.0,0.0,1.0,1.0
1.0,0.0,0.0,1.0,1.0
1.0,0.0,0.0,0.9999999403953552,1.0000001192092896
1.0,0.0,0.0,1.0,1.0000001192092896
1.0,0.0,0.0,0.9999998807907104,1.0
1.0,0.0,0.0,1.0,1.0000001192092896
1.0,0.0,0.0,1.0000001192092896,1.0
1.0,0.0,0.0,1.0,1.0000001192092896
1.0,0.0,0.0,1.0,1.0
1.0,0.0,0.0,1.0,1.0
1.0,0.0,0.0,0.9999999403953552,1.0
1.0,0.0,0.0,1.0,1.0
1.0,0.0,0.0,1.0,1.0000001192092896
1.0,0.0,0.0,1.0,1.0
0.9208158814392073,0.3333333333333333,0.23076923076923078,0.8710623979568481,0.1661839634180069
1.0,0.0,0.0,1.0,0.9999999403953552
0.9394106636782453,0.25,0.1,0.9882784485816956,0.7750923037528992
1.0,0.0,0.0,1.0,1.0
1.0,0.0,0.0,1.0,1.0
1.0,0.0,0.0,1.0,1.0
1.0,0.0,0.0,1.0,1.0000001192092896
1.0,0.0,0.0,1.0,1.0000001192092896
1.0,0.0,0.0,0.9999999403953552,1.0
1.0,0.25,0.17647058823529413,0.8860016465187073,0.23738965392112732
1.0,0.0,0.0,1.0,1.0000001192092896
0.75,0.3333333333333333,0.25,0.9537442326545715,0.8228954672813416
1.0,0.0,0.0,0.9999998807907104,1.0
0.9230769230769231,0.5,0.06666666666666667,0.9522956609725952,0.8086620569229126
1.0,0.0,0.0,1.0000001192092896,1.0000001192092896
1.0,0.0,0.0,1.0,1.0000001192092896
1.0,0.0,0.0,1.0,1.0
1.0,0.0,0.0,1.0,1.0
1.0,0.25,0.1111111111111111,0.994370698928833,0.9800925850868225
1.0,0.0,0.0,1.0000001192092896,1.0
1.0,0.0,0.0,1.0,1.0
1.0,0.0,0.0,1.0,1.0000001192092896
1.0,0.0,0.0,1.0,1.0
1.0,0.0,0.0,1.0,1.0000001192092896
1.0,0.0,0.0,0.9999999403953552,1.0
1.0,0.0,0.0,1.0,1.0
1.0,0.0,0.0,1.0,1.0
1.0,0.0,0.0,1.0,1.0
1.0,0.0,0.0,1.0,1.0
1.0,0.0,0.0,0.9999999403953552,1.0
1.0,0.0,0.0,1.0,1.0000001192092896
1.0,0.0,0.0,1.0,1.0
1.0,0.0,0.0,1.0,1.0
1.0,0.0,0.0,0.9999999403953552,1.0000001192092896
1.0,0.0,0.0,1.0,1.0
1.0,0.0,0.0,1.0,1.0000001192092896
0.9319782577053252,0.3333333333333333,0.2,0.9659838676452637,0.4683952331542969
1.0,0.0,0.0,1.0000001192092896,1.0
0.9970749172806458,0.25,0.17647058823529413,0.9402321577072144,0.5152718424797058
1.0,0.0,0.0,1.0,1.0
1.0,0.0,0.0,1.0,1.0000001192092896
1.0,0.0,0.0,0.9999999403953552,1.0
1.0,0.0,0.0,1.0,1.0
1.0,0.0,0.0,1.0,1.0
1.0,0.0,0.0,1.0,1.0
1.0,0.0,0.0,1.0,1.0
1.0,0.0,0.0,1.0,1.0
1.0,0.0,0.0,1.0,1.0000001192092896
1.0,0.0,0.0,1.0,1.0000001192092896
1.0,0.0,0.0,1.0,1.0
1.0,0.0,0.0,0.9999998807907104,1.0000001192092896
1.0,0.0,0.0,1.0,1.0
1.0,0.0,0.0,1.0,1.0
1.0,0.0,0.0,0.9999999403953552,1.0000001192092896
1.0,0.0,0.0,0.9999999403953552,1.0
1.0,0.0,0.0,1.0,1.0
1.0,0.0,0.0,1.0,1.0000001192092896
1.0,0.0,0.0,1.0,1.0000001192092896
1.0,0.0,0.0,1.0,1.0000001192092896
1.0,0.0,0.0,1.0,1.0
0.6842105263157895,0.5,0.4375,0.9151536226272583,0.5684795379638672
1.0,0.0,0.0,1.0,1.0000001192092896
1.0,0.0,0.0,1.0000001192092896,1.0
1.0,0.0,0.0,1.0,1.0000001192092896
1.0,0.0,0.0,1.0,1.0
1.0,0.0,0.0,1.0,1.0
1.0,0.0,0.0,1.0,1.0
1.0,0.0,0.0,1.0,1.0
1.0,0.0,0.0,1.0,1.0000001192092896
1.0,0.0,0.0,1.0,1.0000001192092896
1.0,0.0,0.0,0.9999999403953552,1.0
1.0,0.0,0.0,0.9999999403953552,1.0000001192092896
1.0,0.0,0.0,1.0,1.0000001192092896
1.0,0.0,0.0,1.0,1.0
1.0,0.0,0.0,1.0,1.0
1.0,0.0,0.0,1.0,1.0
1.0,0.0,0.0,1.0,1.0
1.0,0.0,0.0,1.0,1.0
1.0,0.0,0.0,1.0,1.0
1.0,0.0,0.0,0.9999999403953552,1.0
1.0,0.0,0.0,1.0,1.0000001192092896
1.0,0.0,0.0,1.0,1.0
1.0,0.0,0.0,1.0,1.0000001192092896
1.0,0.0,0.0,1.0,1.0
1.0,0.0,0.0,1.0,1.0
1.0,0.0,0.0,1.0,1.0
1.0,0.0,0.0,0.9999999403953552,1.0
1.0,0.0,0.0,1.0,1.0
1.0,0.0,0.0,1.0,1.0
1.0,0.0,0.0,1.0,1.0000001192092896
1.0,0.0,0.0,1.0,1.0
1.0,0.0,0.0,1.0000001192092896,1.0
1.0,0.0,0.0,1.0,1.0
1.0,0.0,0.0,0.9999999403953552,1.0
1.0,0.0,0.0,0.9999999403953552,1.0
1.0,0.0,0.0,1.0,1.0
0.8235294117647058,0.25,0.11764705882352941,0.923614501953125,0.7514179348945618
1.0,0.0,0.0,1.0,1.0
1.0,0.0,0.0,1.0,1.0
1.0,0.0,0.0,1.0,1.0
1.0,0.0,0.0,1.0,1.0
1.0,0.0,0.0,1.0000001192092896,1.0
1.0,0.0,0.0,1.0,1.0
1.0,0.0,0.0,1.0000001192092896,1.0
1.0,0.0,0.0,1.0,1.0
1.0,0.0,0.0,1.0,1.0
1.0,0.0,0.0,1.0,1.0
1.0,0.0,0.0,1.0,1.0
1.0,0.0,0.0,1.0,1.0000001192092896
1.0,0.0,0.0,1.0000001192092896,1.0
1.0,0.0,0.0,1.0,1.0
1.0,0.0,0.0,0.9999999403953552,1.0000001192092896
1.0,0.0,0.0,0.9999999403953552,1.0
1.0,0.0,0.0,0.9999999403953552,1.0
1.0,0.0,0.0,1.0000001192092896,1.0000001192092896
1.0,0.0,0.0,1.0,1.0
1.0,0.0,0.0,1.0,1.0
1.0,0.0,0.0,1.0,1.0
1.0,0.0,0.0,1.0,1.0000001192092896
1.0,0.0,0.0,0.9999999403953552,1.0
1.0,0.0,0.0,1.0,1.0000001192092896
1.0,0.0,0.0,1.0,1.0000001192092896
1.0,0.0,0.0,1.0,1.0000001192092896
1.0,0.0,0.0,1.0,1.0
1.0,0.0,0.0,1.0,1.0
0.8392709618858273,0.5,0.13333333333333333,0.9153173565864563,0.7006986141204834
0.9331231852409336,0.25,0.1,0.9915636777877808,0.9283185601234436
1.0,0.0,0.0,1.0,1.0
1.0,0.0,0.0,1.0,1.0000001192092896
1.0,0.0,0.0,1.000000238418579,1.0000001192092896
0.9230769230769231,0.25,0.06666666666666667,0.9038132429122925,0.39909201860427856
1.0,0.0,0.0,1.0,1.0000001192092896
0.8915150256578274,0.4,0.23809523809523808,0.9422939419746399,0.5021301507949829
1.0,0.0,0.0,1.0,1.0
1.0,0.0,0.0,1.0,1.0
1.0,0.0,0.0,1.0000001192092896,1.0
1.0,0.0,0.0,1.0,1.0
1.0,0.0,0.0,1.0,1.0
1.0,0.0,0.0,1.0,1.0000001192092896
1.0,0.0,0.0,0.9999998807907104,1.0000001192092896
1.0,0.0,0.0,1.0,1.0
1.0,0.0,0.0,1.0,1.0
1.0,0.0,0.0,0.9999999403953552,1.0000001192092896
1.0,0.0,0.0,1.0,1.0
0.9968076799516997,0.25,0.13333333333333333,0.9019363522529602,0.6136775612831116
1.0,0.0,0.0,0.9999998807907104,1.0
0.9263739879807464,0.3333333333333333,0.16666666666666666,0.9984527826309204,0.7796415686607361
1.0,0.0,0.0,0.9999998807907104,1.0
1.0,0.0,0.0,0.9999998807907104,1.0
1.0,0.0,0.0,0.9999999403953552,1.0000001192092896
0.7857142857142857,0.3333333333333333,0.25,0.9080450534820557,0.8041485548019409
1.0,0.6666666666666666,0.09090909090909091,0.9751303791999817,0.9547361135482788
